"Country","Count"
"united states",53710
"bahamas",10952
"venezuela",9760
"brazil",7743
"peru",4806
"seychelles islands",4255
"colombia",3364
"guyana",2934
"thailand",2925
"mexico",2492
"australia",2326
"panama",1804
"bermuda",1638
"cocos-keeling is.",1492
"philippines",1335
"haiti",1238
"south africa",1230
"india",1096
"china",1026
"philippine islands",943
"marianas is.",836
"costa rica",825
"ecuador",824
"paraguay",820
"indonesia",760
"cayman islands",713
"sri lanka",662
"trinidad/tobago",662
"grenadines",583
"line islands",564
"suriname",553
"st. barthelemy",545
"japan",500
"society islands",460
"canada",451
"fiji",450
"italy",447
"new zealand",426
"new guinea",424
"st. lucia",374
"martinique",323
"mongolia",321
"marianas islands",316
"grenada",308
"virgin islands",305
"galapagos",288
"new hebrides",283
"jamaica",275
"solomon islands",270
"dominican republic",269
"cuba",265
"honduras",260
"mozambique",250
"samoa",238
"tuamotus",234
"anguilla",233
"madagascar",231
"borneo",222
"ryu kyu islands",218
"comoro islands",204
"marquesas islands",196
"bolivia",195
"argentina",186
"java",182
"chile",173
"bahama islands",171
"dominica",166
"st. martin",162
"sumatra",161
"lebanon",160
"kenya",152
"myanmar [burma]",149
"st. vincent island",147
"nicaragua",142
"guana (bvi)",134
"rumania",133
"barbados",132
"pakistan",128
"uruguay",128
"french guiana",127
"guatemala",124
"taiwan",117
"galapagos islands",115
"guam",112
"uganda",111
"american samoa",107
"central african rep.",105
"tanzania",101
"somalia",99
"wake island",95
"singapore",93
"netherland antilles",88
"cook islands",84
"romania",84
"british virgin is.",83
"angola",82
"cameroon",80
"tokelau islands",76
"antigua/barbuda",75
"israel",75
"tonga",75
"zambia",75
"new britain",69
"marshall islands",68
"st. andrews island",67
"seychelles",66
"gulf of guinea",65
"hispaniola",63
"howland island",63
"phoenix islands",63
"africa",59
"courtown key",57
"polynesia",57
"botswana",54
"gulf of mexico",54
"ireland",54
"portugal",53
"bahrain",52
"mauritius",52
"caribbean sea",51
"iran",50
"malaysia",50
"aldabra atoll",48
"aldabra islands",48
"comoros",45
"gabon",45
"guatemala / mexico",45
"zaire",42
"chagas archipelago",41
"nepal",41
"new guinea territory",41
"france",40
"aden",39
"sierra leone",39
"tahiti",39
"liberia",37
"congo",35
"east indies",35
"st. kitts/nevis",35
"austria",34
"ascension island",33
"brazil/peru",32
"dutch new guinea",32
"latham island",32
"nigeria",32
"malawi",31
"sweden",31
"farquhar islands",30
"farquhar group",28
"fr.equatorial africa",28
"venezuela/guyana",28
"aldabra island",27
"ethiopia",27
"marshall is.",27
"austral islands",26
"baker island",26
"el salvador",26
"south vietnam",26
"tunisia",26
"switzerland",25
"united kingdom",25
"papua, new guinea",24
"paumotus",24
"arabian sea",23
"molucca strait",23
"st. andrews key",23
"albuquerque key",22
"caribbean",22
"cocos-keeling islands",22
"germany",22
"st. vincent",22
"syria",22
"finland",21
"greenland",21
"brazil ?",20
"sudan",20
"turkey",20
"bay of bengal",19
"egypt",19
"north sea",19
"papua new guinea",19
"west africa",19
"belize",18
"guinea",18
"norfolk island",18
"antarctica",17
"khor obhour",17
"maldive islands",17
"saipan",17
"solomon islands.",17
"caroline islands",16
"clipperton island",16
"cook is.",16
"ryukyu islands",16
"azores",15
"congo (democratic republic of)",15
"gambier islands",15
"gulf of panama",15
"ivory coast",15
"malaya",15
"oman",15
"western australia",15
"canary islands",14
"ghana",14
"gilbert islands",14
"sabah",14
"seychelles is.",14
"anglo egyptian sudan",13
"ceylon",13
"fiji is.",13
"johnston island",13
"new caledonia",13
"norway",13
"sargasso sea",13
"senegal",13
"somali",13
"marquesas",12
"moluccas",12
"tuamotu islands",12
"galapagos is.",11
"marquesas is.",11
"roncador bank",11
"roumania",11
"solomons",11
"vostok island",11
"zimbabwe",11
"formosa",10
"french equatorial africa",10
"seychelle islands",10
"adriatic sea",9
"andamans",9
"brasil",9
"cameroons",9
"guadaloupe",9
"gulf of oman",9
"howland island.",9
"lesser antilles",9
"okinawa",9
"philippines is.",9
"south korea",9
"spain",9
"tonga islands",9
"trinidad and tobago",9
"kuwait",8
"midway island",8
"phoenix is.",8
"south china sea",8
"tongareva atoll",8
"yugoslavia",8
"arrowsmith bank",7
"british west indies",7
"greece",7
"labrador",7
"malden island",7
"malpelo island",7
"mckean island",7
"palau",7
"saudi arabia",7
"algeria",6
"andaman sea",6
"carolines",6
"easter island",6
"hong kong",6
"indonesia?",6
"mariana islands",6
"ocean island",6
"old providence i.",6
"palau is.",6
"russia",6
"santa cruz is.",6
"santo domingo",6
"south africa ?",6
"st. helena",6
"trieste",6
"windward islands",6
"bahama islands.",5
"cape province",5
"hungary",5
"japan ?",5
"jarvis is.",5
"mali",5
"peru/ecuador",5
"phoenix group",5
"usa ?",5
"venezuela ?",5
"west indies",5
"aldabra i.",4
"antilles",4
"cook island",4
"corsica",4
"dutch east indies",4
"fernando poo",4
"guadeloupe",4
"laysan island",4
"leeward islands",4
"madiera",4
"marquesas island",4
"marshall is",4
"mckean is.",4
"pitcairn island",4
"society is.",4
"thailand ?",4
"tuamotu archipelago",4
"annobon",3
"australia?",3
"bikini atol",3
"bikini atoll",3
"chad",3
"chagos archipelago",3
"colombia/ecuador ?",3
"columbia",3
"comores",3
"comoros islands",3
"czechoslovakia",3
"fairfax island",3
"florida straits",3
"gulf of thailand",3
"indonesia ?",3
"iraq",3
"jarvis island",3
"malasia",3
"natal",3
"netherlands",3
"new ireland",3
"nova scotia",3
"old providence",3
"peter island (bvi)",3
"phoenix island",3
"providencia island",3
"sicily",3
"sunda islands",3
"tasmania",3
"amirantes",2
"bermuda islands",2
"bikini id.",2
"bohemia",2
"brazil-colombia",2
"caroline is.",2
"chesterfield island",2
"christmas island",2
"comoro is.",2
"costa rica?",2
"e borneo",2
"eniwetok atoll",2
"europe",2
"french equat. africa",2
"gardner island",2
"gibralter",2
"greater antilles",2
"holland",2
"howland is.",2
"indonesia (sumatra)",2
"isla de providencia",2
"israel [?]",2
"johnston is.",2
"juan fernandez is.",2
"jugoslavia",2
"kashmir",2
"line is.",2
"line islands.",2
"malacca strait",2
"malden islands",2
"marcus island",2
"mariana is.",2
"midway island.",2
"montserrat",2
"morocco",2
"muscat",2
"nicobares",2
"niue",2
"palmyra island",2
"persia",2
"qatar",2
"samoa islands",2
"san pedro",2
"serrana bank",2
"sierra leon",2
"society islands.",2
"strait of malacca",2
"surinam",2
"taiwan [formosa]",2
"tongareva",2
"trinidad",2
"ussr",2
"virginia",2
"?fiji",1
"abidjan",1
"agelega islands",1
"albuquerque cay",1
"amazon basin",1
"andaman islands",1
"angigua",1
"antigua",1
"arabia",1
"arafura sea",1
"argentina ?",1
"austral is.",1
"austral island",1
"australia ?",1
"bahamas ?",1
"baja california",1
"baker id.",1
"baker is.",1
"baltic sea",1
"bangladesh",1
"beirut",1
"belize?",1
"bengladesh",1
"bering inslands",1
"bering sea",1
"bimini is.",1
"bismarck archipelago",1
"borneo.",1
"brazil/ecuador?",1
"brazil/guyana",1
"bulgaria",1
"caesarea",1
"cambodia",1
"canada/usa",1
"canary is.",1
"caroline is",1
"caroline island",1
"carribean sea",1
"celebes",1
"central america",1
"chesterfield bank",1
"chinchas islands",1
"cocos isaland",1
"cocos island",1
"cocos island.",1
"colombia-venezuela",1
"colombia/venezuela",1
"comore is",1
"comoros is.",1
"congo, the democratic republic of the",1
"croatia",1
"curacao",1
"cyprus",1
"czechoslavia",1
"dahomey",1
"delaware",1
"duke of york gp.",1
"e.africa",1
"eastern caribbean",1
"ellice islands",1
"enderbury island",1
"equatorial guinea",1
"french eq. africa",1
"french polynesia",1
"galpagos islands",1
"gambier island",1
"germany (or france?)",1
"guiana",1
"guinee",1
"gulf of aden",1
"guyane",1
"indo-china",1
"java sea",1
"johnston atoll",1
"johnston id.",1
"johnston island atol",1
"kauli",1
"korea?",1
"ladrone islands",1
"ladrones",1
"laos",1
"latham i.",1
"laysan i.",1
"line island",1
"lord howe island",1
"loyalty is.",1
"maharashtra state",1
"malay archipelago",1
"maldive is.",1
"maldives",1
"manihiki group",1
"marianas",1
"marquesas isl.",1
"marshall islands.",1
"marshall isls.",1
"marshalls",1
"maryland",1
"melanesia",1
"mexico/usa",1
"mexico?",1
"mindoro",1
"molucca",1
"mozambique i.",1
"mozambiqueca",1
"myanmar",1
"n australia",1
"namibia",1
"ne rumania",1
"new jersey",1
"new zealnad",1
"north borneo",1
"north italy",1
"north korea",1
"old providence id.",1
"om√°n",1
"pago pago",1
"palau islands.",1
"palestine",1
"panama ?",1
"papua new guinea ?",1
"patagonia",1
"penrhyn island",1
"peru ?",1
"phililppines",1
"phoenix is",1
"poland",1
"ponape",1
"pribilof islands",1
"pulau gaya",1
"pulau island",1
"rapa",1
"revilla gigedo is.",1
"roncador banks",1
"russia?",1
"s rumania",1
"saba",1
"salvador",1
"sand island",1
"sandwich island",1
"santa cruz islands",1
"santa domingo",1
"sao tome and principe",1
"saudia arabia",1
"similan islands",1
"slovenia",1
"society island",1
"southern australia",1
"soviet union",1
"spanish guinea",1
"sri lanka.",1
"st. brandon shoal",1
"st. brandon shoals",1
"st. brandon's shoal",1
"st. paul island",1
"straits of malacca",1
"tongareva island",1
"tortugas",1
"transvaal",1
"tres marias islands",1
"tuamoto archipelago",1
"tuamotu island",1
"tubuai islands",1
"turkey?",1
"uganda or zambia",1
"venezela",1
"venezuela?",1
"vietman",1
"vietnam",1
"w rumania",1
"w. australia",1
"w. pakistani",1
"w.caroline is.",1
"w.pakinstani",1
"walters shoals.",1
"western australia?",1
"zululand",1
