"dwc.scientificName","freq"
"Campostoma anomalum",1195
"Cyprinella lutrensis",1147
"Etheostoma spectabile",1022
"Lepomis cyanellus",932
"Notropis stramineus",870
"Pimephales notatus",830
"Gambusia affinis",733
"Pimephales promelas",701
"Semotilus atromaculatus",647
"Lepomis megalotis",623
"Lepomis macrochirus",590
"Micropterus salmoides",578
"Lepomis humilis",531
"Ameiurus melas",526
"Phenacobius mirabilis",514
"Lythrurus umbratilis",500
"Ictalurus punctatus",456
"Percina caprodes",415
"Ameiurus natalis",405
"Dorosoma cepedianum",381
"Catostomus commersonii",344
"Fundulus zebrinus",327
"Etheostoma flabellare",322
"Carpiodes carpio",315
"Moxostoma erythrurum",312
"Labidesthes sicculus",309
"Pimephales vigilax",305
"Fundulus notatus",303
"Cyprinus carpio",294
"Etheostoma blennioides",286
"Etheostoma nigrum",280
"Percina phoxocephala",278
"Hybognathus placitus",265
"Noturus exilis",262
"Pomoxis annularis",254
"Notropis percobromus",252
"Notropis atherinoides",245
"Notemigonus crysoleucas",242
"Etheostoma cragini",241
"Notropis topeka",241
"Etheostoma caeruleum",227
"Luxilus cornutus",224
"Noturus flavus",211
"Phoxinus erythrogaster",208
"Moxostoma macrolepidotum",207
"Nocomis biguttatus",205
"Luxilus cardinalis",198
"Fundulus olivaceus",193
"Notropis boops",191
"Lepisosteus osseus",176
"Pylodictis olivaris",173
"Luxilus chrysocephalus",171
"Micropterus punctulatus",171
"Notropis nubilus",169
"Percina copelandi",169
"Hypentelium nigricans",166
"Ictiobus bubalus",162
"Aplodinotus grunniens",159
"Cottus carolinae",155
"Etheostoma zonale",152
"Notropis volucellus",152
"Etheostoma radiosum",150
"Cyprinella camura",149
"Scaphirhynchus platorynchus",146
"Notropis dorsalis",142
"Lepomis gulosus",134
"Macrhybopsis storeriana",130
"Pimephales tenellus",130
"Morone chrysops",126
"Cyprinella spiloptera",121
"Fundulus catenatus",120
"Macrhybopsis aestivalis",115
"Platygobio gracilis",114
"Etheostoma mihileze",109
"Notropis buchanani",108
"Noturus nocturnus",108
"Carpiodes cyprinus",100
"Percina sciera",98
"Etheostoma whipplei",94
"Minytrema melanops",92
"Cyprinella venusta",89
"Ictiobus cyprinellus",88
"Hybognathus hankinsoni",87
"Sander vitreus",86
"Lepomis cyanellus x L. macrochirus",84
"Cottus bairdii",82
"Rhinichthys atratulus",81
"Rhinichthys cataractae",81
"Erimystax x-punctatus",78
"Etheostoma stigmaeum",78
"Micropterus dolomieu",78
"Moxostoma duquesnei",78
"Ambloplites rupestris",75
"Rhinichthys osculus",74
"Hybopsis amblops",71
"Luxilus zonatus",70
"Noturus gyrinus",69
"Pomoxis nigromaculatus",69
"Campostoma oligolepis",67
"Lepisosteus platostomus",65
"Etheostoma chlorosomum",64
"Percina maculata",63
"Cyprinella whipplei",62
"Notropis greenei",61
"Notropis girardi",60
"Cyprinella galactura",59
"Noturus placidus",59
"Percina nigrofasciata",59
"Hiodon alosoides",58
"Notropis blennius",58
"Etheostoma gracile",57
"Menidia beryllina",56
"Lythrurus ardens",55
"Chanos chanos",53
"Elassoma zonatum",51
"Hybognathus argyritis",51
"Puntius conchonius",51
"Esox americanus",50
"Etheostoma proeliare",50
"Ictiobus niger",49
"Lepomis punctatus",48
"Nocomis asper",48
"Aphredoderus sayanus",47
"Etheostoma sp.",47
"Schistura corica",47
"Erimyzon oblongus",46
"Notropis ariommus",46
"Noturus miurus",46
"Cycleptus elongatus",45
"Notropis texanus",44
"Astyanax fasciatus",42
"Lepomis microlophus",42
"Percilia gillissi",41
"Sander canadensis",41
"Fundulus sciadicus",40
"Notropis bairdi",39
"Percina shumardi",39
"Luxilus pilsbryi",38
"Lythrurus fumeus",38
"Nocomis leptocephalus",38
"Notropis buccatus",38
"Bujurquina zamorensis",37
"Lepidocephalichthys guntea",37
"Schistura beavani",37
"Etheostoma juliae",36
"Gasterosteus aculeatus",36
"Hoplias malabaricus",36
"Notropis sp.",36
"Cyprinodon variegatus",35
"Opsarius bendelisis",35
"Perca flavescens",35
"Tor putitora",35
"Leiostomus xanthurus",34
"Notropis hudsonius",34
"Amia calva",33
"Etheostoma tetrazonum",33
"Notropis longirostris",33
"Danio rerio",32
"Etheostoma squamiceps",32
"Ichthyomyzon castaneus",32
"Percina evides",32
"Carassius auratus",31
"Catostomus macrocheilus",31
"Esomus danricus",31
"Lagodon rhomboides",31
"Lepomis marginatus",31
"Richardsonius balteatus",31
"Ammocrypta beanii",30
"Bryconamericus -F-",30
"e",30
"Etheostoma histrio",30
"Etheostoma rufilineatum",30
"Hybognathus nuchalis",30
"Ictalurus furcatus",30
"Lepomis auritus",30
"Moxostoma carinatum",30
"Poecilia latipinna",30
"Fundulus grandis",29
"Puntius sophore",29
"Rivulus sp.",29
"Serranidae",29
"Catostomus platyrhynchus",28
"Ictiobus sp.",28
"Luxilus sp.",28
"Macrhybopsis hyostoma",28
"Moxostoma pisolabrum",28
"Notropis telescopus",28
"Trichomycterus areolatus",28
"Carpiodes velifer",27
"Clinostomus funduloides",27
"Cottus hypselurus",27
"Fundulus similis",27
"Hybopsis winchelli",27
"Anchoa mitchilli",26
"Etheostoma autumnale",26
"Garra gotyla",26
"Lepomis macrochirus x L. cyanellus",26
"Opsarius vagra",26
"Barilius barila",25
"Catostomus clarkii",25
"Etheostoma exile",25
"Etheostoma simoterum",25
"Macrhybopsis gelida",25
"Moxostoma sp.",25
"Nemacheilus botia",25
"Puntius ticto",25
"Ammocrypta vivax",24
"Erimystax dissimilis",24
"Gambusia marshi",24
"Percina caprodes fulvitaenia",24
"Synbranchus marmoratus",24
"Anguilla rostrata",23
"Crossocheilus latius",23
"Lepomis gibbosus",23
"Lepomis sp.",23
"Lucania parva",23
"Macrhybopsis meeki",23
"Catostomus columbianus",22
"Etheostoma microperca",22
"Lythrurus roseipinnis",22
"Moxostoma anisurum",22
"Notropis shumardi",22
"Polyodon spathula",22
"Schizothorax richardsonii",22
"Botia lohachata",21
"Etheostoma punctulatum",21
"Fundulus nottii",21
"Mugil curema",21
"Noturus albater",21
"Umbra limi",21
"Atractosteus spatula",20
"Catostomus catostomus",20
"Centrarchus macropterus",20
"Dorosoma petenense",20
"Etheostoma flavum",20
"Etheostoma swaini",20
"Fundulus chrysotus",20
"Mugil cephalus",20
"Notropis heterolepis",20
"Notropis rubellus",20
"Opsopoeodus emiliae",20
"Rhamdia sp.",20
"Astroblepus sp.",19
"Cichlasoma sp.",19
"Clupea pallasii",19
"Noturus leptacanthus",19
"Odontostilbe fugitiva",19
"Parophrys vetulus",19
"Percopsis omiscomaycus",19
"Schizothorax progastus",19
"Stephanolepis hispidus",19
"Xenentodon cancila",19
"Badis badis",18
"Cichlasoma cyanoguttatum",18
"Cyprinodon rubrofluviatilis",18
"Etheostoma asprigene",18
"Garra annandalei",18
"Hypentelium etowanum",18
"Lythrurus bellus",18
"Nocomis micropogon",18
"Noturus insignis",18
"Oncorhynchus mykiss",18
"Opsarius barna",18
"Opsarius shacra",18
"Percina carbonaria",18
"Phoxinus phoxinus",18
"Platichthys stellatus",18
"Ptychocheilus oregonensis",18
"Symphurus plagiusa",18
"Bryconamericus -G-",17
"Crystallaria asprella",17
"Esox lucius",17
"Esox niger",17
"Etheostoma euzonum",17
"Etheostoma flabellare lineolatum",17
"Glossogobius giuris",17
"Glyptothorax gracilis",17
"Micropogonias undulatus",17
"Morone americana",17
"Schistura rupecula",17
"Amblyceps mangois",16
"Ammocrypta bifascia",16
"Anchoa hepsetus",16
"Bryconamericus -A-",16
"Bryconamericus -C-",16
"Culaea inconstans",16
"Cymatogaster aggregata",16
"Equetus punctatus",16
"Erimyzon sucetta",16
"Notropis chalybaeus",16
"Noturus flavater",16
"Synodus foetens",16
"Trichomycterus sp.",16
"Alosa chrysochloris",15
"Aspidoparia jaya",15
"Chagunius chagunio",15
"Crenicichla lepidota",15
"Etheostoma kennicotti",15
"Fundulus escambiae",15
"Gila bicolor",15
"Lepisosteus oculatus",15
"Moxostoma congestum",15
"Noturus hildebrandi",15
"Oligocottus maculosus",15
"Pimelodella hasemani",15
"Poecilia sphenops",15
"Thymallus arcticus",15
"Trichiurus lepturus",15
"Tyttocharax sp.",15
"Bryconamericus -D-",14
"Callichthys callichthys",14
"Catostomus ardens",14
"Chaetostoma dermorhynchum",14
"Chanda nama",14
"Ctenopharyngodon idella",14
"Cyprinodon sp.",14
"Devario devario",14
"Erythrinus erythrinus",14
"Etheostoma camurum",14
"Etheostoma crossopterum",14
"Etheostoma fusiforme",14
"Etheostoma virgatum",14
"Fundulus kansae",14
"Gymnotus carapo",14
"Hatcheria macraei",14
"Hemigrammus -B-",14
"Hippoglossoides elassodon",14
"Leptocottus armatus",14
"Mastacembelus armatus",14
"Myoxocephalus polyacanthocephalus",14
"Notropis ozarcanus",14
"Percina cymatotaenia",14
"Rasbora daniconius",14
"Salvelinus fontinalis",14
"Stenobrachius leucopsarus",14
"Trinectes maculatus",14
"Acanthocobitis botia",13
"Aspidoparia morar",13
"Bryconamericus sp.",13
"Chaetodipterus faber",13
"Cyprinella callistia",13
"Dasyloricaria filamentosa",13
"Enneacanthus gloriosus",13
"Esox americanus vermiculatus",13
"Fundulus diaphanus",13
"Glyptocephalus zachirus",13
"Hybognathus hayi",13
"Ichthyomyzon fossor",13
"Ichthyomyzon gagei",13
"Lampetra aepyptera",13
"Lepidopsetta bilineata",13
"Notropis baileyi",13
"Notropis leuciodus",13
"Notropis photogenis",13
"Oncorhynchus clarki",13
"Percina uranidea",13
"Piabucina elongata",13
"Pomacanthus imperator",13
"Puntius guganio",13
"Semotilus corporalis",13
"Acanthocharax sp.",12
"Adinia xenica",12
"Ameiurus nebulosus",12
"Catostomus plebeius",12
"Cyprinella lutrensis x C. venusta",12
"Cyprinella trichroistia",12
"Cyprinella venusta venusta",12
"Dionda episcopa",12
"Etheostoma parvipinne",12
"Gila nigrescens",12
"Gobiosoma bosc",12
"Hiodon tergisus",12
"Labeo boga",12
"Lota lota",12
"Lyopsetta exilis",12
"Macrhybopsis tetranema",12
"Microgadus proximus",12
"Neolissochilus hexagonolepis",12
"Notropis atrocaudalis",12
"Notropis micropteryx",12
"Ochmacanthus reinhardti",12
"Percichthys trucha",12
"Phoxinus eos",12
"Phoxinus oreas",12
"Podothecus accipenserinus",12
"Scaphirhynchus albus",12
"Schistura sp.",12
"Sinilabeo dero",12
"Ancistrus hoplogenys",11
"Astyanax mexicanus",11
"Astyanax sp.",11
"Brevoortia patronus",11
"Charax sp.",11
"Chauliodus macouni",11
"Creagrutus muelleri",11
"Etheostoma duryi",11
"Etheostoma jordani",11
"Etheostoma teddyroosevelt",11
"Fundulus majalis",11
"Fundulus seminolis",11
"Hybognathus sp.",11
"Hydrolagus colliei",11
"Hypostomus sp.",11
"Noturus maydeni",11
"Pareques umbrosus",11
"Percina pantherina",11
"Poecilia sp.",11
"Prionotus tribulus",11
"Raiamas bola",11
"Sander vitreus x S. canadensis",11
"Steindachnerina dobula",11
"Strongylura marina",11
"Xiphister atropurpureus",11
"Agosia chrysogaster",10
"Apodichthys flavidus",10
"Ariopsis felis",10
"Bairdiella chrysoura",10
"Bairdiella sp.",10
"Bryconamericus -B-",10
"Catostomus clarkii x C. platyrhynchus",10
"Channa punctata",10
"Couesius plumbeus",10
"Cyprinella analostana",10
"Etheostoma longimanum",10
"Etheostoma neopterum",10
"Etheostoma olmstedi",10
"Etheostoma pallididorsum",10
"Exoglossum maxillingua",10
"Fundulus lineolatus",10
"Gambusia sp.",10
"Glyptothorax indicus",10
"Glyptothorax telchitta",10
"Hybognathus amarus",10
"Hybopsis amnis",10
"Lepidocephalichthys goalparensis",10
"Leporinus cf. friderici",10
"Luxilus coccogenis",10
"Macropharyngodon meleagris",10
"Margariscus margarita",10
"Menticirrhus americanus",10
"Moxostoma poecilurum",10
"Myctophidae",10
"Naso lituratus",10
"Orthopristis chrysoptera",10
"Paralichthys lethostigma",10
"Poeciliopsis sp.",10
"Polyacanthus fasciatus",10
"Porichthys notatus",10
"Pseudambassis baculis",10
"Pteronotropis signipinnis",10
"Salmostoma phulo",10
"Scardinius erythrophthalmus",10
"Scorpaenichthys marmoratus",10
"Syngnathus scovelli",10
"Acrocheilus alutaceus",9
"Archoplites interruptus",9
"Atheresthes stomias",9
"Bathymaster signatus",9
"Campostoma ornatum",9
"Caranx crysos",9
"Chilara taylori",9
"Cichlasoma citrinellum",9
"Cottus cognatus",9
"Cottus immaculatus",9
"Creagrutus -A-",9
"Crenicichla sedentaria",9
"Crenicichla sp.",9
"Diplectrum formosum",9
"Enophrys bison",9
"Erimystax insignis",9
"Erimyzon tenuis",9
"Etheostoma luteovinctum",9
"Fundulus heteroclitus",9
"Garra sp.",9
"Jenynsia multidentata",9
"Knodus sp.",9
"Lepomis macrochirus x L. megalotis",9
"Lepomis symmetricus",9
"Lycodes pacificus",9
"Macrognathus pancalus",9
"Morone mississippiensis",9
"Notropis amabilis",9
"Notropis ortenburgeri",9
"Notropis sabinae",9
"Notropis stilbius",9
"Noturus eleutherus",9
"Planaltina sp.",9
"Potamotrygon hystrix",9
"Prosopium williamsoni",9
"Psettichthys melanostictus",9
"Pseudambassis lala",9
"Psilorhynchus balitora",9
"Rhamdia guatemalensis",9
"Thoburnia rhothoeca",9
"Turcinoemacheilus himalaya",9
"Ambloplites ariommus",8
"Ammocrypta clara",8
"Aplocheilus panchax",8
"Aristichthys nobilis",8
"Astyanax -C-",8
"Atractosteus spatula x L osseus",8
"Balitora brucei",8
"Bullockia maldonadoi",8
"Catostomus discobolus",8
"Channa orientalis",8
"Chlorophthalmus agassizi",8
"Cottus beldingii",8
"Crenicichla anthurus",8
"Cynoscion arenarius",8
"Cynoscion nebulosus",8
"Cyprinella xanthicara",8
"Diaphus dumerilii",8
"Equetus lanceolatus",8
"Etheostoma barbouri",8
"Etheostoma collettei",8
"Etheostoma nianguae",8
"Etheostoma obeyense",8
"Etheostoma serrifer",8
"Eucalia inconstans",8
"Fundulus confluentus",8
"Gobiomorus dormitor",8
"Ictalurus sp.",8
"Labeo angra",8
"Morone chrysops x M. saxatilis",8
"Mystus vittatus",8
"Notropis heterodon",8
"Notropis potteri",8
"Notropis suttkusi",8
"Noturus funebris",8
"Oligoplites saurus",8
"Ophidion holbrooki",8
"Opsanus tau",8
"Opsarius tileo",8
"Petromyzon marinus",8
"Pholis ornata",8
"Prionotus carolinus",8
"Prochilodus nigricans",8
"Pteronotropis hypselopterus",8
"Selene vomer",8
"Syngnathus louisianae",8
"Umbra pygmaea",8
"Urophycis regia",8
"Aequidens tetramerus",7
"Ammocrypta pellucida",7
"Aspidoparia sp.",7
"Barbatula barbatula",7
"Carpiodes sp.",7
"Catostomus latipinnis",7
"Catostomus sp.",7
"Centropristis philadelphica",7
"Centropyge bispinosa",7
"Characidium steindachneri",7
"Chela cachius",7
"Chilomycterus schoepfi",7
"Creagrutus beni",7
"Creagrutus sp.",7
"Ctenogobius boleosoma",7
"Dallia pectoralis",7
"Dascyllus trimaculatus",7
"Dorosoma chavesi",7
"Elops saurus",7
"Etheostoma coosae",7
"Etheostoma moorei",7
"Etheostoma rafinesquei",7
"Etheostoma spectabile uniporum",7
"Eucinostomus gula",7
"Farlowella kneri",7
"Fundulus blairae",7
"Fundulus pulvereus",7
"Gila atraria",7
"Glyptothorax cavia",7
"Glyptothorax trilineatus",7
"Gobiesox maeandricus",7
"Helicolenus dactylopterus",7
"Holoshesthes pequira",7
"Hybopsis hypsinotus",7
"Lepidocephalichthys annandalei",7
"Lumpenus sagitta",7
"Lutjanus griseus",7
"Luxilus cerasinus",7
"Lycodes palearis",7
"Menticirrhus sp.",7
"Notropis chrosomus",7
"Notropis harperi",7
"Notropis lutipinnis",7
"Notropis petersoni",7
"Notropis semperasper",7
"Notropis xaenocephalus",7
"Oligocottus snyderi",7
"Ophidion antipholus",7
"Opisthonema oglinum",7
"Oreoleuciscus sp.",7
"Ostorhinchus novemfasciatus",7
"Othonocheirodus eigenmanni",7
"Percichthys melanops",7
"Percina palmaris",7
"Percina vigil",7
"Pimelodus sp. h",7
"Poeciliidae",7
"Psilorhynchus sucatio",7
"Pteronotropis welaka",7
"Rhacochilus vacca",7
"Sardinops sagax",7
"Sciaenops ocellatus",7
"Steindachnerina guentheri",7
"Theragra chalcogramma",7
"Trachinocephalus myops",7
"Trichomycterus chiltoni",7
"Acanthostracion quadricornis",6
"Aequidens coeruleopunctatus",6
"Ameiurus catus",6
"Amphiprion ocellaris",6
"Antimora microlepis",6
"Apogon crassiceps",6
"Bagre marinus",6
"Balistes capriscus",6
"Balistoides conspicillum",6
"Brachyglanis sp.",6
"Bryozoichthys marjorius",6
"Canthigaster solandri",6
"Catostomus bernardini",6
"Catostomus insignis",6
"Centromochlus sp.",6
"Centropristis striata",6
"Ceratoscopelus maderensis",6
"Channa gachua",6
"Channa striata",6
"Cheirodon galusdae",6
"Chloroscombrus chrysurus",6
"Cichlasoma dovii",6
"Cichlasoma managuense",6
"Clupeoides borneensis",6
"Ctenochaetus strigosus",6
"Cynoscion regalis",6
"Cyprinella gibbsi",6
"Cyprinella ornata",6
"Cyprinodon bifasciatus",6
"Dascyllus reticulatus",6
"Dasycottus setiger",6
"Enneacanthus obesus",6
"Etheostoma atripinne",6
"Etheostoma edwini",6
"Etheostoma jessiae",6
"Etheostoma rupestre",6
"Etheostoma smithi",6
"Etheostoma spectabile fragi",6
"Etropus crossotus",6
"Fundulus saguanus",6
"Fundulus stellifer",6
"Gadus macrocephalus",6
"Gambusia longispinis",6
"Halichoeres trimaculatus",6
"Harengula jaguana",6
"Hemigrammus -A-",6
"Hemigrammus sp.",6
"Heterandria bimaculata",6
"Hexagrammos decagrammus",6
"Hexagrammos stelleri",6
"Hoplosternum sp.",6
"Hybopsis lineapunctata",6
"Idiacanthus antrostomus",6
"Larimus fasciatus",6
"Lepidomeda mollispinis",6
"Lepophidium profundorum",6
"Lutjanus sp.",6
"Luxilus albeolus",6
"Macrhybopsis aestivalis tetranemus",6
"Menticirrhus littoralis",6
"Merluccius bilinearis",6
"Microgobius gulosus",6
"Microstomus pacificus",6
"Nocomis platyrhynchus",6
"Notropis ammophilus",6
"Notropis jemezanus",6
"Osteobrama cotio",6
"Percilia irwini",6
"Percina nasuta",6
"Petenia meyersi",6
"Pholis laeta",6
"Photostomias guernei",6
"Phoxinus neogaeus",6
"Pimelodus sp. g",6
"Pimephales vigilax perspicuus",6
"Poeciliopsis latidens",6
"Priacanthus arenatus",6
"Prionotus evolans",6
"Pseudocheilinus tetrataenia",6
"Psilorhynchus nepalensis",6
"Raja rhina",6
"Salmostoma bacaila",6
"Sebastolobus alascanus",6
"Serrasalmus marginatus",6
"Serrasalmus nattereri",6
"Sphoeroides parvus",6
"Squalus acanthias",6
"Stenotomus chrysops",6
"Syacium papillosum",6
"Trachinotus carolinus",6
"Acanthurus lineatus",5
"Anableps dowei",5
"Anoplarchus purpurescens",5
"Astroscopus y-graecum",5
"Atherinella sardina",5
"Bathyagonus pentacanthus",5
"Blepsias cirrhosus",5
"Bryconamericus emperador",5
"Bryconops caudomaculatus",5
"Caranx hippos",5
"Catostomus occidentalis",5
"Chaetodon miliaris",5
"Chanda ranga",5
"Characidium sp.",5
"Charax tectifer",5
"Cheilopogon furcatus",5
"Chela laubuca",5
"Cichlasoma labiatum",5
"Cichlasoma urophthalmus",5
"Citharichthys gilberti",5
"Citharichthys macrops",5
"Citharichthys sordidus",5
"Citharichthys spilopterus",5
"Clinocottus recalvus",5
"Corica laciniata",5
"Coris gaimard",5
"Decapterus punctatus",5
"Dendrochirus zebra",5
"Embiotoca lateralis",5
"Engraulis mordax",5
"Eopsetta jordani",5
"Etheostoma blennius",5
"Etheostoma etnieri",5
"Etheostoma lepidum",5
"Etheostoma maculatum",5
"Etheostoma nigripinne",5
"Etheostoma podostemone",5
"Etheostoma zonistium",5
"Eucinostomus argenteus",5
"Fistularia petimba",5
"Forbesichthys agassizii",5
"Fundulus dispar",5
"Gerres cinereus",5
"Gila coerulea",5
"Gila robusta",5
"Glyptothorax sp.",5
"Gobiomorus maculatus",5
"Halichoeres bivittatus",5
"Halichoeres hortulanus",5
"Halieutichthys aculeatus",5
"Hemibrycon -B-",5
"Heteropneustes fossilis",5
"Hippocampus erectus",5
"Histrio histrio",5
"Hoplerythrinus unitaeniatus",5
"Hybognathus regius",5
"Hypomesus pretiosus",5
"Hyporhamphus unifasciatus",5
"Hysteronotus -A-",5
"i",5
"Ichthyomyzon sp.",5
"Isopsetta isolepis",5
"Labeobarbus intermedius intermedius",5
"Lagocephalus laevigatus",5
"Lepisosteus sp.",5
"Lepomis cyanellus x L. humilis",5
"Lepomis macrochirus x L. humilis",5
"Lepophidium brevibarbe",5
"Lycodes brevipes",5
"Lycodes diapterus",5
"Lythrurus atrapiculus",5
"Menidia menidia",5
"Micropterus coosae",5
"Morone saxatilis",5
"Mystus cavasius",5
"Nangra nangra",5
"Notropis altipinnis",5
"Notropis hypsilepis",5
"Notropis oxyrhynchus",5
"Notropis scepticus",5
"Notropis simus",5
"Notropis wickliffi",5
"Oncorhynchus keta",5
"Oreochromis aureus",5
"Pantodon buchholzi",5
"Parachiloglanis hodgarti",5
"Pareques acuminatus",5
"Peprilus alepidotus",5
"Percina roanoka",5
"Phenacobius uranops",5
"Plectroglyphidodon johnstonianus",5
"Pleurogrammus monopterygius",5
"Pleuronichthys coenosus",5
"Poeciliopsis gracilis",5
"Polydactylus octonemus",5
"Pomadasys sp.",5
"Pomatomus saltatrix",5
"Prionotus roseus",5
"Prionotus scitulus",5
"Pseudecheneis sulcata",5
"Pseudolaguvia sp.",5
"Psilorhynchus gracilis",5
"Psilorhynchus pseudecheneis",5
"Pterolebias sp.",5
"Ptychocheilus grandis",5
"Pungitius pungitius",5
"Puntius sarana",5
"Raja binoculata",5
"Rasbora lateristriata",5
"Rhamdia wagneri",5
"Rhinecanthus aculeatus",5
"Richardsonius egregius",5
"Salmo trutta",5
"Salvelinus namaycush",5
"Sardinella aurita",5
"Satanoperca sp.",5
"Scartella cristata",5
"Schistura savona",5
"Schizothorax macrophthalmus",5
"Schizothorax raraensis",5
"Scophthalmus aquosus",5
"Sebastes aleutianus",5
"Sebastes alutus",5
"Sebastes babcocki",5
"Sebastes maliger",5
"Serranus phoebe",5
"Silvinichthys mendozensis",5
"Sphoeroides maculatus",5
"Squalus suckleyi",5
"Stegastes nigricans",5
"Stellifer lanceolatus",5
"Syngnathus leptorhynchus",5
"Tor sp.",5
"Trachinotus falcatus",5
"Trichomycterus chungaraensis",5
"Typhlichthys subterraneus",5
"Xererpes fucorum",5
"Abudefduf saxatilis",4
"Acanthurus nigrofuscus",4
"Acanthurus triostegus",4
"Agonopsis vulsa",4
"Ailia coila",4
"Amphiprion melanopus",4
"Ancistrus sp.",4
"Aphyocharax sp.",4
"Aptocyclus ventricosus",4
"Archosargus probatocephalus",4
"Arctozenus risso",4
"Argyropelecus aculeatus",4
"Artedius fenestralis",4
"Artedius lateralis",4
"Astyanax -B-",4
"Atherinella crystallina",4
"Avocettina infans",4
"Barilius sp.",4
"Batasio tengana",4
"Bathygobius ramosus",4
"Bathygobius sp.",4
"Bathyraja interrupta",4
"Bathyraja trachura",4
"Bryconamericus -I-",4
"Bujurquina sp.",4
"Bunocephalus sp.",4
"Canthophrys gongota",4
"Carapus bermudensis",4
"Catostomus tahoensis",4
"Chaetodon citrinellus",4
"Chaetodon lunula",4
"Chaetodon ocellatus",4
"Chaetodon sedentarius",4
"Chitonotus pugetensis",4
"Chologaster cornuta",4
"Chrysiptera cyanea",4
"Cichlasoma beani",4
"Cichlasoma nigrofasciatum",4
"Clarias gariepinus",4
"Clinocottus analis",4
"Clinocottus globiceps",4
"Clinostomus elongatus",4
"Cottus perplexus",4
"Creagrutus -B-",4
"Ctenochaetus striatus",4
"Cynoscion nothus",4
"Cyprinella callisema",4
"Cyprinella nivea",4
"Cyprinella panarcys",4
"Cyprinella pyrrhomelas",4
"Cyprinodon atrorus",4
"Cypselurus melanurus",4
"Dascyllus aruanus",4
"Dormitator maculatus",4
"Erethistoides ascita",4
"Esox vermiculatus",4
"Etheostoma barrenense",4
"Etheostoma fonticola",4
"Etheostoma fusiforme barratti",4
"Etheostoma sanguifluum",4
"Etheostoma spectabile pulchellum",4
"Etheostoma striatulum",4
"Exoglossum laurae",4
"Fundulus diaphanus menona",4
"Fundulus julisia",4
"Fundulus parvipinnis",4
"Gambusia senilis",4
"Gephyrocharax atracaudatus",4
"Gila copei",4
"Gobiesox sp.",4
"Gymnocorymbus sp.",4
"Gymnothorax sp.",4
"Helicophagus waandersii",4
"Hemibrycon -A-",4
"Hemibrycon polyodon",4
"Hemilepidotus jordani",4
"Hemilepidotus zapus",4
"Hemitremia flammea",4
"Heterandria formosa",4
"Hybopsis rubrifrons",4
"Hybopsis zanema",4
"Hypentelium roanokense",4
"Hysteronotus -B-",4
"Ictalurus lupus",4
"Ictiobus bubalus x I. cyprinellus",4
"Jordanella floridae",4
"Kathetostoma albigutta",4
"Lampetra appendix",4
"Lepomis cyanellus x L. megalotis",4
"Lepomis humilis x L. macrochirus",4
"Lepophidium jeannae",4
"Leptolucania ommata",4
"Leuroglossus schmidti",4
"Lobotes surinamensis",4
"Lophogobius cyprinoides",4
"Lucania goodei",4
"Lutjanus colorado",4
"Luxilus cornutus x Notropis rubellus",4
"Luxilus cornutus x Semotilus atromaculatus",4
"Luxilus zonistius",4
"Malacocottus zonurus",4
"Maurolicus weitzmani",4
"Membras martinica",4
"Menticirrhus undulatus",4
"Merluccius productus",4
"Moenkhausia sp.",4
"Moxostoma lachneri",4
"Mugil sp.",4
"Mullus auratus",4
"Myersglanis blythii",4
"Mylocheilus caurinus",4
"Myrophis punctatus",4
"Mystus bleekeri",4
"Nandus nandus",4
"Nannobrachium ritteri",4
"Nematogenys inermis",4
"Neomerinthe hemingwayi",4
"Nocomis effusus",4
"Notropis asperifrons",4
"Notropis chihuahua",4
"Notropis chiliticus",4
"Notropis perpallidus",4
"Notropis procne",4
"Notropis scabriceps",4
"Notropis uranoscopus",4
"Noturus elegans",4
"Noturus marginatus",4
"Ogcocephalus radiatus",4
"Ophiodon elongatus",4
"Opsariichthys uncirostris",4
"Oreoleuciscus potanini",4
"Orestias parinacotensis",4
"Osteoglossum bicirrhosum",4
"Ostichthys trachypoma",4
"Ostorhinchus nigrofasciatus",4
"Otocinclus sp.",4
"Oxylebius pictus",4
"Pagrus pagrus",4
"Paralichthys dentatus",4
"Parexocoetus brachypterus",4
"Peprilus burti",4
"Percina crassa",4
"Percina macrolepida",4
"Percina sp.",4
"Phenacobius catostomus",4
"Phenacobius teretulus",4
"Pimelodus sp. i",4
"Pleuronichthys verticalis",4
"Poecilia mexicana",4
"Pomacanthus semicirculatus",4
"Pomacentrus imitator",4
"Prionotus ophryas",4
"Pristiapogon exostigma",4
"Prosopium cylindraceum",4
"Pseudecheneis serracula",4
"Pteronotropis euryzonus",4
"Pteronotropis hubbsi",4
"Puntius chola",4
"Radulinus asprellus",4
"Rhinichthys sp.",4
"Rita rita",4
"Salarias fasciatus",4
"Salvelinus malma",4
"Schistura devdevi",4
"Schizothorax nepalensis",4
"Scomber japonicus",4
"Sebastes aurora",4
"Sebastes ciliatus",4
"Sebastes crameri",4
"Sebastes polyspinis",4
"Seriola dumerili",4
"Sicamugil cascasia",4
"Sicydium salvini",4
"Siganus vulpinus",4
"Sphoeroides dorsalis",4
"Spirinchus thaleichthys",4
"Stethojulis bandanensis",4
"Strongylura notata",4
"Sufflamen bursa",4
"Tactostoma macropus",4
"Tetraodon cutcutia",4
"Thalassoma duperrey",4
"Torpedo californica",4
"Trachinotus paitensis",4
"Trachurus lathami",4
"Trichomycterus duellmani",4
"Trichomycterus laucaensis",4
"Triglops scepticus",4
"Upeneus parvus",4
"Xiphister mucosus",4
"Zanclus cornutus",4
"Abudefduf sexfasciatus",3
"Abudefduf sordidus",3
"Abudefduf taurus",3
"Acantharchus pomotis",3
"Acipenser fulvescens",3
"Albula vulpes",3
"Alosa sapidissima",3
"Ambloplites constellatus",3
"Amblyglyphidodon curacao",3
"Amblyopsis rosae",3
"Ammocrypta meridiana",3
"Amphiprion percula",3
"Ancylopsetta ommata",3
"Anoplopoma fimbria",3
"Antigonia capros",3
"Apristurus brunneus",3
"Apristurus kampae",3
"Apteronotus albifrons",3
"Argentina sialis",3
"Argyropelecus affinis",3
"Argyropelecus sladeni",3
"Ariomma bondi",3
"Arothron meleagris",3
"Arothron nigropunctatus",3
"Astyanacinus -A-",3
"Astyanax abramis",3
"Atheresthes evermanni",3
"Atherinella sallei",3
"Atherinopsis californiensis",3
"Aulorhynchus flavidus",3
"Aulostomus chinensis",3
"Awaous transandeanus",3
"Bagarius yarrelli",3
"Balistapus undulatus",3
"Basilichthys australis",3
"Basilichthys microlepidotus",3
"Bathophilus sp.",3
"Bathyagonus alascanus",3
"Bathyagonus nigripinnis",3
"Belonesox belizanus",3
"Benthalbella dentata",3
"Bonapartia pedaliota",3
"Bothus ocellatus",3
"Brachychalcinus sp.",3
"Brachyrhaphis cascajalensis",3
"Brevoortia tyrannus",3
"Brotula barbata",3
"Bryconamericus -H-",3
"Bryconamericus -J-",3
"Caesio caerulaurea",3
"Canthigaster bennetti",3
"Canthigaster janthinoptera",3
"Caranx sp.",3
"Carassius auratus x Cyprinus carpio",3
"Careproctus cypselurus",3
"Careproctus sp.",3
"Carnegiella myersi",3
"Catostomus ardens x C. discobolus",3
"Catostomus platyrhynchus x C. tahoensis",3
"Catostomus rimiculus",3
"Centropristis ocyurus",3
"Centropyge bicolor",3
"Centropyge potteri",3
"Cephalopholis cruentata",3
"Ceratoscopelus warmingii",3
"Cercamia eremia",3
"Chaetodon capistratus",3
"Chaetodon quadrimaculatus",3
"Characidae",3
"Characidium laterale",3
"Chasmistes liorus",3
"Chauliodus sloani",3
"Cheilodipterus quinquelineatus",3
"Cheirodon pisciculus",3
"Cheirodon sp.",3
"Chloroscombrus orqueta",3
"Chlorurus sordidus",3
"Chromis punctipinnis",3
"Chromis ternatensis",3
"Chrysiptera biocellata",3
"Chrysiptera taupou",3
"Cichlasoma alfari",3
"Cichlasoma aureum",3
"Cichlasoma spilurum",3
"Citharichthys arctifrons",3
"Citharichthys stigmaeus",3
"Citharichthys xanthostigma",3
"Clinocottus embryum",3
"Clupisoma garua",3
"Cnesterodon decemmaculatus",3
"Cololabis saira",3
"Coregonus clupeaformis",3
"Coryphaenoides acrolepis",3
"Cottus bairdii bairdii",3
"Cottus extensus",3
"Creagrutus kunturus",3
"Ctenobrycon sp.",3
"Cyprinella caerulea",3
"Cyprinella callitaenia",3
"Cyprinella formosa",3
"Cyprinella labrosa",3
"Cyprinella xaenura",3
"Cyprinion semiplotum",3
"Dactyloscopus tridigitatus",3
"Dasyatis sayi",3
"Diapterus peruvianus",3
"Dibranchus atlanticus",3
"Diplectrum bivittatum",3
"Diplomystes camposensis",3
"Diplophos taenia",3
"Dormitator latifrons",3
"Echeneis naucrates",3
"Elassoma evergladei",3
"Electrophorus electricus",3
"Embiotoca jacksoni",3
"Enteromius paludinosus",3
"Entomacrodus striatus",3
"Epinephelus aeneus",3
"Erethistoides sp.",3
"Erimonax monachus",3
"Erimyzon oblongus claviformis",3
"Erpetoichthys sp.",3
"Etheostoma bellum",3
"Etheostoma blennioides newmani",3
"Etheostoma grahami",3
"Etheostoma perlongum",3
"Etheostoma pyrrhogaster",3
"Etheostoma spectabile spectabile",3
"Etheostoma swannanoa",3
"Etheostoma variatum",3
"Etropus microstomus",3
"Etrumeus teres",3
"Floridichthys carpio",3
"Forcipiger flavissimus",3
"Fundulus cingulatus",3
"Fundulus euryzonus",3
"Gagata cenia",3
"Gambusia geiseri",3
"Gambusia yucatana",3
"Gerreidae",3
"Gila conspersa",3
"Gila ditaenia",3
"Gila sp.",3
"Gobiesox strumosus",3
"Gobiidae",3
"Gobiosoma robustum",3
"Grammistes sexlineatus",3
"Gymnachirus texae",3
"Gymnocanthus galeatus",3
"Gymnothorax nigromarginatus",3
"Haemulon aurolineatum",3
"Halichoeres chrysus",3
"Halichoeres maculipinna",3
"Halichoeres margaritaceus",3
"Halichoeres poeyi",3
"Hemibrycon sp.",3
"Heptapteridae",3
"Hesperoleucus symmetricus",3
"Hippoglossina oblonga",3
"Holoshesthes heterodon",3
"Hoplias microlepis",3
"Hyphessobrycon panamensis",3
"Hypophthalmichthys molitrix",3
"Hyporhamphus dussumieri",3
"Hypsagonus quadricornis",3
"Hypsoblennius hentz",3
"Icelinus fimbriatus",3
"Icelus sp.",3
"Ilyodon sp.",3
"Istiblennius dussumieri",3
"Labeo pangusia",3
"Labeo sp.",3
"Labiobarbus lineatus",3
"Lampanyctus sp.",3
"Lampetra tridentata",3
"Leiuranus semicinctus",3
"Liparis florae",3
"Loricaria lanceolata",3
"Loricaria laticeps",3
"Lutjanus synagris",3
"Luxilus zonatus x Notropis nubilis",3
"Lycodes cortezianus",3
"Lythrurus lirus",3
"Mastacembelus pancalus",3
"Melamphaes lugubris",3
"Melanocetus johnsonii",3
"Merluccius albidus",3
"Microglanis variegatus",3
"Micropterus sp.",3
"Microspathodon chrysurus",3
"Moenkhausia latissima",3
"Moenkhausia oligolepis",3
"Moxostoma valenciennesi",3
"Myripristis kuntee",3
"Myripristis pralinia",3
"Myripristis violacea",3
"Mystus sp.",3
"Nangra assamensis",3
"Nebris microps",3
"Neoclinus blanchardi",3
"Neoeucirrhichthys maydelli",3
"Nezumia bairdi",3
"Nocomis sp.",3
"Notopterus notopterus",3
"Notropis alborus",3
"Notropis amoenus",3
"Notropis anogenus",3
"Notropis chlorocephalus",3
"Notropis cummingsae",3
"Notropis edwardraneyi",3
"Notropis maculatus",3
"Notropis rubricroceus",3
"Noturus munitus",3
"Noturus phaeus",3
"Odontoscion dentex",3
"Ompok bimaculata",3
"Oncorhynchus kisutch",3
"Ophichthus gomesi",3
"Ophidion dromio",3
"Ophidion grayi",3
"Opsanus beta",3
"Oregonichthys crameri",3
"Oreichthys cosuatis",3
"Orestias cuvieri",3
"Orestias laucaensis",3
"Orestias sp.",3
"Orthodon microlepidotus",3
"Osmerus mordax",3
"Paracanthurus hepatus",3
"Paralepididae",3
"Paralichthys sp.",3
"Parascorpaena mossambica",3
"Pareques iwamotoi",3
"Parupeneus multifasciatus",3
"Peprilus simillimus",3
"Peprilus triacanthus",3
"Percina fulvitaenia",3
"Peristedion miniatum",3
"Phallichthys amates",3
"Phanerodon furcatus",3
"Phoxinus erythrogaster x Luxilus cornutus",3
"Phoxinus phoxinus ujmonensis",3
"Pimelodidae",3
"Pimelodus sp.",3
"Pimelodus sp. f",3
"Plagopterus argentissimus",3
"Plectroglyphidodon lacrymatus",3
"Plectrypops lima",3
"Poeciliopsis turrubarensis",3
"Polymixia lowei",3
"Polymixia nobilis",3
"Polypterus ornatipinnis",3
"Pomacentrus callainus",3
"Pomacentrus coelestis",3
"Pomacentrus pavo",3
"Pomacentrus spilotoceps",3
"Pomacentrus vaiuli",3
"Porichthys plectrodon",3
"Potamorhina altamazonica",3
"Priapichthys annectens",3
"Priapichthys fria",3
"Prionotus rubio",3
"Pristiapogon kallopterus",3
"Pristigenys alta",3
"Pristipomoides aquilonaris",3
"Prosopium gemmifer",3
"Pseudobalistes fuscus",3
"Pseudochalceus lineatus",3
"Pseudolaguvia kapuri",3
"Pterois antennata",3
"Pterois radiata",3
"Pterois volitans",3
"Puntius terio",3
"Pyrrhulina melanostoma",3
"Pyrrhulina sp.",3
"Raja eglanteria",3
"Raja sp.",3
"Rhamdia luigiana",3
"Rhamdia quelen",3
"Rhinichthys falcatus",3
"Rhinoraja taranetzi",3
"Rhoadsia altipinna",3
"Rhomboplites aurorubens",3
"Rivulus isthmensis",3
"Roeboides bouchellei",3
"Roeboides occidentalis",3
"Sarritor frenatus",3
"Schilbe intermedius",3
"Schistura scaturigina",3
"Schistura zonata",3
"Scomberomorus cavalla",3
"Scomberomorus maculatus",3
"Scorpaena brasiliensis",3
"Scorpaena plumieri",3
"Sebastes diploproa",3
"Sebastes entomelas",3
"Sebastes goodei",3
"Sebastes helvomaculatus",3
"Sebastes jordani",3
"Sebastes paucispinis",3
"Sebastes proriger",3
"Sebastes saxicola",3
"Sebastes variegatus",3
"Selene setapinnis",3
"Serranocirrhitus latus",3
"Sicyases sanguineus",3
"Sicyogaster maeandricus",3
"Siganus rivulatus",3
"Sperata aor",3
"Sphyraena guachancho",3
"Stellifer sp.",3
"Stenotomus caprinus",3
"Stereolepis gigas",3
"Sternoptyx sp.",3
"Stomias boa",3
"Strongylura timucu",3
"Sufflamen chrysopterum",3
"Symphurus atricauda",3
"Synagrops bellus",3
"Syngnathus floridae",3
"Taeniura lymma",3
"Thalassoma bifasciatum",3
"Trachinotus rhodopus",3
"Triakis semifasciata",3
"Trichomycterus boylei",3
"Trichomycterus rivulatus",3
"Triglops macellus",3
"Umbrina coroides",3
"Urophycis chesteri",3
"Urotrygon rogersi",3
"Valenciennea strigata",3
"Xenurobrycon heterodon",3
"Xiphophorus gordoni",3
"Xyrauchen texanus",3
"Zalembius rosaceus",3
"Zaprora silenus",3
"Zenopsis conchifer",3
"Acanthuridae",2
"Acanthurus coeruleus",2
"Acanthurus nigroris",2
"Achirus lineatus",2
"Aequidens rivulatus",2
"Alectis ciliaris",2
"Alepisaurus sp.",2
"Alepocephalus sp.",2
"Alepocephalus tenebrosus",2
"Alosa aestivalis",2
"Alosa pseudoharengus",2
"Aluterus heudeloti",2
"Aluterus schoepfi",2
"Ambloplites sp.",2
"Amblygobius phalaena",2
"Amblypharyngodon mola",2
"Ammodytes hexapterus",2
"Ammodytes personatus",2
"Ammodytes tobianus",2
"Amphiprion clarkii",2
"Amphistichus argenteus",2
"Anabas cobojius",2
"Anampses chrysocephalus",2
"Ancistrus chagresi",2
"Ancistrus spinosus",2
"Ancylopsetta dilecta",2
"Anguilla bengalensis",2
"Anoplogaster cornuta",2
"Apeltes quadracus",2
"Aphanopus carbo",2
"Apistogramma ramirezi",2
"Apogon aurolineatus",2
"Apogon binotatus",2
"Apogon dianthus",2
"Apogon maculatus",2
"Apteronotus leptorhynchus",2
"Argentina striata",2
"Aristostomias scintillans",2
"Arothron stellatus",2
"Ascelichthys rhodorus",2
"Astyanacinus sp.",2
"Astyanax -A-",2
"Atherinella brasiliensis",2
"Bairdiella ronchus",2
"Balantiocheilos melanopterus",2
"Baldwinella aureorubens",2
"Balistes polylepis",2
"Balistidae",2
"Balitora eddsi",2
"Barbatula sp.",2
"Barbus trispilopleura",2
"Bascanichthys bascanium",2
"Batasio macronotus",2
"Bathygobius curacao",2
"Bathygobius mystacium",2
"Bathygobius soporator",2
"Bathylagus stilbius",2
"Bathylagus wesethi",2
"Bellator militaris",2
"Benthosema glaciale",2
"Blenniella chrysospilos",2
"Blennius sp.",2
"Bollmannia communis",2
"Bothus robinsi",2
"Botia almorhae",2
"Brachyhypopomus beebei",2
"Brachyhypopomus occidentalis",2
"Brachyrhaphis rhabdophora",2
"Brevoortia gunteri",2
"Brevoortia smithi",2
"Brycon -A-",2
"Brycon argenteus",2
"Brycon petrosus",2
"Bryconamericus -E-",2
"Bryconamericus peruanus",2
"Bryconamericus ricae",2
"Campostoma anomalum x Semotilus atromaculatus",2
"Cantherhines pullus",2
"Canthigaster rostrata",2
"Carangoides ruber",2
"Caranx caninus",2
"Careproctus melanurus",2
"Catostomus conchos",2
"Catostomus snyderi",2
"Caulolatilus intermedius",2
"Caulolatilus princeps",2
"Cebidichthys violaceus",2
"Centropomus armatus",2
"Centropomus medius",2
"Cetopsis candiru",2
"Cetopsorhamdia sp.",2
"Chaetodon lunulatus",2
"Chaetodon ornatissimus",2
"Chaetodon striatus",2
"Chaetodon vagabundus",2
"Chaetostoma microps",2
"Champsodon capensis",2
"Channa marulius",2
"Characidium fasciatum",2
"Characodon cf. eiseni",2
"Chasmodes bosquianus",2
"Cheirodon australe",2
"Cheirodon interruptus",2
"Chiasmodon niger",2
"Chilodus punctatus",2
"Chiloscyllium punctatum",2
"Chitala chitala",2
"Chromis atripes",2
"Chromis iomelas",2
"Chromis retrofasciata",2
"Chromis viridis",2
"Chromis weberi",2
"Chrysiptera glauca",2
"Chrysiptera leucopoma",2
"Cichlasoma bulleri",2
"Cichlasoma centrarchus",2
"Cichlasoma facetum",2
"Cichlasoma guttulatum",2
"Cichlasoma octofasciatum",2
"Cichlasoma regani",2
"Cichlasoma rostratum",2
"Cirrhilabrus punctatus",2
"Cirrhinus reba",2
"Cirripectes castaneus",2
"Citharichthys cornutus",2
"Clevelandia ios",2
"Clinidae",2
"Clinocottus acuticeps",2
"Coccorella atlantica",2
"Colisa sota",2
"Conger oceanicus",2
"Coregonus artedii",2
"Coregonus sardinella",2
"Corydoras metae",2
"Corydoras sp.",2
"Coryphaenoides cinereus",2
"Cottidae",2
"Cottus aleuticus",2
"Cottus asper",2
"Cottus confusus",2
"Cottus klamathensis",2
"Cottus pitensis",2
"Cottus rhotheus",2
"Cottus tenuis",2
"Creagrutus amoenus",2
"Creagrutus flavescens",2
"Creagrutus gephyrus",2
"Crenichthys baileyi",2
"Crenicichla proteus",2
"Cryptopsaras couesii",2
"Ctenolucius beani",2
"Ctenopoma muriei muriei",2
"Cyclopsetta chittendeni",2
"Cyclopsetta fimbriata",2
"Cyclopteridae",2
"Cyclothone acclinidens",2
"Cyclothone sp.",2
"Cynopotamus sp.",2
"Cyphocharax saguira",2
"Cyprinella garmani",2
"Cyprinella proserpina",2
"Cyprinella rutila",2
"Cyprinella venusta x C. lutrensis",2
"Cyprinidae",2
"Cyprinodon nevadensis",2
"Daector schmitti",2
"Decapterus tabl",2
"Decodon puellaris",2
"Deltistes luxatus",2
"Devario aequipinnatus",2
"Diaphus garmani",2
"Diaphus theta",2
"Diodon sp.",2
"Diplomystes chilensis",2
"Echeneis neucratoides",2
"Echidna polyzona",2
"Echiostoma barbatum",2
"Elassoma okefenokee",2
"Elassoma sp.",2
"Eleotris fusca",2
"Embassichthys bathybius",2
"Engraulis encrasicolus",2
"Engraulis ringens",2
"Enneacanthus chaetodon",2
"Entomacrodus nigricans",2
"Epinephelus flavolimbatus",2
"Epinephelus merra",2
"Eptatretus deani",2
"Eptatretus stoutii",2
"Etheostoma acuticeps",2
"Etheostoma aquali",2
"Etheostoma artesiae",2
"Etheostoma baileyi",2
"Etheostoma boschungi",2
"Etheostoma cf. stigmaeum",2
"Etheostoma chlorobranchium",2
"Etheostoma davisoni",2
"Etheostoma gore",2
"Etheostoma lugoi",2
"Etheostoma lynceum",2
"Etheostoma mariae",2
"Etheostoma olivaceum",2
"Etheostoma osburni",2
"Etheostoma rubrum",2
"Etheostoma sagitta",2
"Etheostoma spectabile squamosum",2
"Etheostoma spectabile x E. whipplii",2
"Etheostoma thalassinum",2
"Etheostoma vitreum",2
"Etheostoma vulneratum",2
"Eucinostomus argenteus or lefroyi",2
"Eucinostomus currani",2
"Eucinostomus melanopterus",2
"Eucinostomus sp.",2
"Eumicrotremus orbis",2
"Eutropiichthys vacha",2
"Evorthodus lyricus",2
"Exocoetus obtusirostris",2
"Fowlerichthys radiosus",2
"Fundulus jenkinsi",2
"Fundulus lima",2
"Fundulus luciae",2
"Fundulus sp.",2
"Fundulus waccamensis",2
"Gadus sp.",2
"Gagata sexualis",2
"Gambusia affinis holbrooki",2
"Gambusia episcopi",2
"Gambusia holbrooki",2
"Garra dembeensis",2
"Gasteropelecus sternicla",2
"Gastropsetta frontalis",2
"Genyonemus lineatus",2
"Geophagus crassilabrus",2
"Gila boraxobius",2
"Gila minacae",2
"Gila nigrescens x Rhinichthys cataractae",2
"Gila orcutti",2
"Glyptothorax garhwali",2
"Gnathonemus petersii",2
"Gobionellus microdon",2
"Gobionellus shufeldti",2
"Gobiosoma ginsburgi",2
"Gogangra viridescens",2
"Gonostomatidae",2
"Goodea atripinnis",2
"Gudusia chapra",2
"Gymnapogon urospilotus",2
"Gymnothorax chilospilus",2
"Gymnothorax moringa",2
"Gymnothorax pictus",2
"Gymnotus cylindricus",2
"Haemulon flavolineatum",2
"Haemulon macrostomum",2
"Haemulon sciurus",2
"Haemulon striatum",2
"Halichoeres bathyphilus",2
"Halichoeres caudalis",2
"Halichoeres cyanocephalus",2
"Halichoeres garnoti",2
"Halichoeres sp.",2
"Hemicaranx amblyrhynchus",2
"Hemieleotris latifasciatus",2
"Hemigrammus -D-",2
"Hemiodus unimaculatus",2
"Hemitripterus bolini",2
"Henonemus punctatus",2
"Heterandria jonesii",2
"Heterodontus francisci",2
"Hexagrammos lagocephalus",2
"Holacanthus tricolor",2
"Hoplosternum littorale",2
"Hoplunnis macrurus",2
"Hybopsis boucardi",2
"Hydrocyon sp.",2
"Hypentelium sp.",2
"Hyphessobrycon sp.",2
"Hypsypops rubicundus",2
"Icelinus borealis",2
"Icelinus filamentosus",2
"Icelinus quadriseriatus",2
"Ichthyococcus ovatus",2
"Ichthyoelephas humeralis",2
"Ictalurus pricei",2
"Ilyodon whitei",2
"Imparfinis sp.",2
"Iotichthys phlegethontis",2
"Istiblennius edentulus",2
"Jenynsia unitaenia",2
"Jordania zonope",2
"Kathetostoma averruncus",2
"Kuhlia mugil",2
"Labeo calbasu",2
"Labeo rohita",2
"Labrisomus nuchipinnis",2
"Lactoria cornuta",2
"Lampanyctus leucopsarus",2
"Lampetra sp.",2
"Lamprogrammus niger",2
"Lavinia exilicauda",2
"Lepidophanes guentheri",2
"Lepomis macrochirus x L. gulosus",2
"Lepophidium collettei",2
"Lepophidium entomelas",2
"Lepophidium inca",2
"Lepophidium kallion",2
"Lepophidium negropinna",2
"Lepophidium prorates",2
"Leucoraja garmani",2
"Liopropoma susumi",2
"Liparis sp.",2
"Lipariscus nanus",2
"Lophius americanus",2
"Loricaria cataphracta",2
"Loricaria uracantha",2
"Lucania interioris",2
"Lumpenus fabricii",2
"Lumpenus sp.",2
"Lutjanus campechanus",2
"Lutjanus fulvus",2
"Lutjanus kasmira",2
"Lycenchelys crotalinus",2
"Macrodon ancylodon",2
"Malacocottus sp.",2
"Malacoctenus versicolor",2
"Mastacembelus sp.",2
"Megalops cyprinoides",2
"Melamphaidae",2
"Melanostigma pammelas",2
"Melanostomias bartonbeani",2
"Melanotaenia splendida",2
"Menidia extensa",2
"Menticirrhus elongatus",2
"Menticirrhus saxatilis",2
"Micralestes acutidens",2
"Microgadus tomcod",2
"Micropogonias furnieri",2
"Micropterus punctulatus x M. salmoides",2
"Micropterus treculii",2
"Monopterus cuchia",2
"Moxostoma cervinum",2
"Mugilidae",2
"Mulloidichthys vanicolensis",2
"Mustelus canis",2
"Mustelus sp.",2
"Mycteroperca microlepis",2
"Myctophum punctatum",2
"Myleus sp.",2
"Myoxocephalus octodecemspinosus",2
"Myripristis amaena",2
"Myripristis murdjan",2
"Mystus tengara",2
"Nangra sp.",2
"Nannobrachium cuprarium",2
"Narcine brasiliensis",2
"Naso brevirostris",2
"Nectamia guamensis",2
"Nemichthys scolopaceus",2
"Neoceratodus forsteri",2
"Neoniphon argenteus",2
"Neoniphon sammara",2
"Nezumia liolepis",2
"Notropis aguirrepequenoi",2
"Notropis bairdi buccula",2
"Notropis braytoni",2
"Notropis candidus",2
"Notropis nazas",2
"Notropis rubellus x Luxilus cornutus",2
"Notropis sallaei",2
"Notropis spectrunculus",2
"Noturus hildebrandi lautus",2
"Noturus stigmosus",2
"Noturus taylori",2
"Ocyurus chrysurus",2
"Odontostilbe ecuadorensis",2
"Odontostilbe pequiroides",2
"Ogilbia sp.",2
"Oligocottus rimensis",2
"Oligocottus rubellio",2
"Oligosarcus oligolepis",2
"Omobranchus obliquus",2
"Oncorhynchus clarki x O. mykiss",2
"Oncorhynchus gorbuscha",2
"Oncorhynchus nerka",2
"Oncorhynchus tshawytscha",2
"Ophichthus cruentifer",2
"Ophidion sp.",2
"Opistognathus sp.",2
"Opsanus pardus",2
"Orestias chungarensis",2
"Ostorhinchus luteus",2
"Ostorhinchus rubrimacula",2
"Ostorhinchus sealei",2
"Otophidium omostigmum",2
"Oxycheilinus bimaculatus",2
"Oxymonacanthus longirostris",2
"Pagellus erythrinus",2
"Pagrus caeruleostictus",2
"Pangasius sp.",2
"Parablennius marmoreus",2
"Paracirrhites arcatus",2
"Paracirrhites forsteri",2
"Paralaubuca sp.",2
"Paraluteres prionurus",2
"Pariolius fasciatus",2
"Parmaturus xaniurus",2
"Pellona flavipinnis",2
"Pempheris sp.",2
"Perca fluviatilis",2
"Percina aurantiaca",2
"Percina caprodes x P. phoxocephala",2
"Percina gymnocephala",2
"Percina peltata",2
"Percina tanasi",2
"Percopsis transmontana",2
"Pervagor spilosoma",2
"Petenia splendida",2
"Phenacobius crassilabrum",2
"Phenacorhamdia sp.",2
"Photostomias sp.",2
"Phoxinus eos x P. neogaeus",2
"Phoxinus percnurus",2
"Piabucina astrigata",2
"Piabucina panamensis",2
"Pimelodella chagresi",2
"Pimelodella sp.",2
"Pimelodus clarias",2
"Pimephales tenellus parviceps",2
"Pimephales vigilax vigilax",2
"Plagiopsetta glossa",2
"Plecostomus sp.",2
"Plectroglyphidodon dickii",2
"Pleuronectes quadrituberculatus",2
"Pleuronichthys decurrens",2
"Poblana alchichica",2
"Poecilia michaellsmithi",2
"Poeciliopsis elongata",2
"Poeciliopsis occidentalis",2
"Poeciliopsis retropinna",2
"Poeciliopsis viriosa",2
"Pogonias cromis",2
"Pogonichthys macrolepidotus",2
"Polycentrus schombergkii",2
"Polynemus sp.",2
"Polypterus sp.",2
"Pomacanthus asfur",2
"Pontinus longispinis",2
"Porichthys porosissimus",2
"Poromitra crassiceps",2
"Poronotus sp.",2
"Premnas biaculeatus",2
"Prionotus longispinosus",2
"Prionotus stearnsi",2
"Prionotus stephanophrys",2
"Pristicon trimaculatus",2
"Profundulus guatemalensis",2
"Profundulus labialis",2
"Profundulus punctatus",2
"Prosopium abyssicola",2
"Prosopium spilonotus",2
"Protomyctophum thompsoni",2
"Pseudanthias squamipinnis",2
"Pseudecheneis eddsi",2
"Pseudocetopsis sp.",2
"Pseudocheilinus octotaenia",2
"Pseudogramma polyacantha",2
"Pseudophichthys splendens",2
"Pseudopleuronectes americanus",2
"Pseudupeneus maculatus",2
"Psychrolutes paradoxus",2
"Pterapogon kauderni",2
"Ptereleotris microlepis",2
"Ptychocheilus umpquae",2
"Puntius gelius",2
"Pygidium striatum",2
"Rachycentron canadum",2
"Raja stellulata",2
"Raja texana",2
"Rathbunella hypoplecta",2
"Rhabdamia gracilis",2
"Rhamdia barbata",2
"Rhamdia humilis",2
"Rhinecanthus assasi",2
"Rhinichthys cobitis",2
"Rhinobatos productus",2
"Rhinoliparis barbulifer",2
"Rhizoprionodon terraenovae",2
"Rhynchoconger flavus",2
"Rineloricaria sp.",2
"Rissola marginatum",2
"Rypticus sp.",2
"Sagamichthys abei",2
"Salvelinus alpinus",2
"Sargocentron caudimaculatum",2
"Sargocentron punctatissimum",2
"Sargocentron vexillarium",2
"Sargocentron xantherythrus",2
"Sarritor leptorhynchus",2
"Saurida gracilis",2
"Schizodon fasciatus",2
"Schizothoraichthys sp.",2
"Sciaena sp.",2
"Scomber scombrus",2
"Scomberoides lysan",2
"Scopeloberyx opisthopterus",2
"Scorpaena calcarata",2
"Scorpaena guttata",2
"Sebastapistes tinkhami",2
"Sebastes auriculatus",2
"Sebastes caurinus",2
"Sebastes chlorostictus",2
"Sebastes elongatus",2
"Sebastes emphaeus",2
"Sebastes levis",2
"Sebastes melanops",2
"Sebastes melanostomus",2
"Sebastes miniatus",2
"Sebastes pinniger",2
"Sebastes rosaceus",2
"Sebastes rosenblatti",2
"Sebastes rubrivinctus",2
"Sebastes sp.",2
"Sebastes wilsoni",2
"Selar crumenophthalmus",2
"Seriphus politus",2
"Serrivomer jesperseni",2
"Sicydium altum",2
"Sicydium sp.",2
"Siganus doliatus",2
"Sisor rheophilus",2
"Sperata seenghala",2
"Sphoeroides spengleri",2
"Sphoeroides testudineus",2
"Sphyraena borealis",2
"Sphyrna lewini",2
"Squatina californica",2
"Squatina dumeril",2
"Stegastes partitus",2
"Sternoptyx diaphana",2
"Stethojulis strigiventer",2
"Stromateus cinereus",2
"Sunagocia arenicola",2
"Synagrops spinosus",2
"Synbranchus sp.",2
"Synodus lucioceps",2
"Synodus poeyi",2
"Tarletonbeania crenularis",2
"Tetraodon fluviatilis",2
"Thalassoma lunare",2
"Thysanophrys chiltonae",2
"Trachurus symmetricus",2
"Triglops forficatus",2
"Triportheus elongatus",2
"Tripterophycis gilchristi",2
"Urobatis halleri",2
"Urophycis chuss",2
"Urophycis floridana",2
"Urophycis tenuis",2
"Vinciguerria attenuata",2
"Vomer setapinnis",2
"Wallago attu",2
"Wallago sp.",2
"Wetmorella nigropinnata",2
"Xeneretmus latifrons",2
"Xiphophorus helleri",2
"Zacco platypus",2
"Zaniolepis frenata",2
"Zebrasoma flavescens",2
"",1
"Ablabys taenionotus",1
"Ablennes hians",1
"Abudefduf abdominalis",1
"Abudefduf septemfasciatus",1
"Abudefduf vaigiensis",1
"Acanthistius sebastoides",1
"Acanthobrama marmid",1
"Acanthopagrus berda",1
"Acanthostracion polygonius",1
"Acanthurus achilles",1
"Acanthurus bahianus",1
"Acanthurus chirurgus",1
"Acanthurus dussumieri",1
"Acanthurus guttatus",1
"Acanthurus leucosternon",1
"Acanthurus nigricauda",1
"Acanthurus olivaceus",1
"Acanthurus thompsoni",1
"Acentrogobius dayi",1
"Acentronura dendritica",1
"Acestrorhynchus falcatus",1
"Acheilognathus macropterus",1
"Achirus mazatlanus",1
"Acipenser brevirostrum",1
"Acipenser ruthenus",1
"Acrocheilus alutaceus x Richardsonius balteatus",1
"Adelosebastes latens",1
"Aequidens cf. tetramerus",1
"Aequidens flavilabris",1
"Aequidens pulcher",1
"Aequidens zamorensis",1
"Agamyxis pectinifrons",1
"Agonostomus monticola",1
"Ahlia egmontis",1
"Akko dionaea",1
"Albatrossia pectoralis",1
"Albulichthys albuloides",1
"Alfaro cultratus",1
"Alosa alabamae",1
"Alutera punctata",1
"Alutera schoepfii",1
"Alutera scripta",1
"Aluterus scriptus",1
"Amblyeleotris guttata",1
"Amblyeleotris gymnocephala",1
"Amblyglyphidodon aureus",1
"Amblygobius decussatus",1
"Amblyopsis spelaea",1
"Amblypharyngodon sp.",1
"Amblyrhynchotes honckenii",1
"Ameca splendens",1
"Ameiurus brunneus",1
"Ameiurus nebulosus nebulosus",1
"Ameiurus platycephalus",1
"Ammodytes sp.",1
"Amphilius lampei",1
"Amphiprion chrysopterus",1
"Amphiprion polymnus",1
"Amphistichus koelzi",1
"Anabas sp.",1
"Anablepsoides holmiae",1
"Anarhichas lupus",1
"Anarhichas orientalis",1
"Anarrhichthys ocellatus",1
"Anchoa compressa",1
"Anchoa delicatissima",1
"Anchoa lyolepis",1
"Anchoa spinifer",1
"Anguilla bicolor bicolor",1
"Anguillidae",1
"Anisotremus surinamensis",1
"Anisotremus virginicus",1
"Anoplagonus inermis",1
"Anoplarchus insignis",1
"Anoplogaster sp.",1
"Anotopterus pharao",1
"Anoxypristis cuspidata",1
"Antennarius multiocellatus",1
"Aphos porosus",1
"Aphyocharax alburnus",1
"Aphyocharax dentatus",1
"Apistogramma sp.",1
"Aplocheilus sp.",1
"Apogon doryssa",1
"Apogon dovii",1
"Apogon fraenatus",1
"Apogon imberbis",1
"Apogon planifrons",1
"Apogon pseudomaculatus",1
"Apogon quadrisquamatus",1
"Apogon seminigracaudus",1
"Apogon sp.",1
"Apogon talboti",1
"Apogonichthys ocellatus",1
"Apolemichthys trimaculatus",1
"Aporops bilinearis",1
"Apsilus dentatus",1
"Archamia biguttata",1
"Archamia buruensis",1
"Archamia fucata",1
"Archosargus rhomboidalis",1
"Archosargus sp.",1
"Argentina silus",1
"Argyropelecus hemigymnus",1
"Argyropelecus sp.",1
"Ariomma melanum",1
"Ariomma sp.",1
"Aristichthys nobilis x Hypophthalmichthys molitrix",1
"Arius seemanni",1
"Arothron hispidus",1
"Artedius harringtoni",1
"Aseraggodes kobensis",1
"Aspidophoroides monopterygius",1
"Astrapogon alutus",1
"Astroblepus vanceae",1
"Astronotus cf. ocellatus",1
"Astronotus ocellatus",1
"Astyanax aeneus",1
"Astyanax bimaculatus",1
"Astyanax maximus",1
"Astyanax ruberrimus",1
"Ataeniobius toweri",1
"Atelomycterus macleayi",1
"Atherinella pachylepis",1
"Atherinella sp.",1
"Atherinomorus lacunosus",1
"Atherinomorus stipes",1
"Atherinomorus vaigiensis",1
"Atractoscion nobilis",1
"Atractosteus tropicus",1
"Atrosalarias fuscus holomelas",1
"Auchenipterus nuchalis",1
"Aulostomus maculatus",1
"Aztecula vittata",1
"Bagarius bagarius",1
"Bagre pinnimaculatus",1
"Bairdiella armata",1
"Bairdiella batabana",1
"Balistes vetula",1
"Balistoides viridescens",1
"Bangana sp. 1",1
"Bangana sp. 2",1
"Barbus afrohamiltoni",1
"Barbus annectens",1
"Barbus grypus",1
"Barbus radiatus",1
"Barbus toppini",1
"Barbus trimaculatus",1
"Bathophilus digitatus",1
"Bathophilus flemingi",1
"Bathophilus vaillanti",1
"Bathyagonus infraspinatus",1
"Bathygobius albopunctatus",1
"Bathygobius fuscus",1
"Bathylagidae",1
"Bathylagus euryops",1
"Bathylagus pacificus",1
"Bathyraja aleutica",1
"Bathyraja maculata",1
"Bathyraja minispinosa",1
"Bathyraja parmifera",1
"Bathyraja sp.",1
"Bembrops anatirostris",1
"Bembrops gobioides",1
"Benthodesmus sp.",1
"Beryx decadactylus",1
"Beryx splendens",1
"Bivibranchia protractila",1
"Blenniella cyanostigma",1
"Blenniella paula",1
"Blenniidae",1
"Boops boops",1
"Borostomias antarcticus",1
"Bothidae",1
"Bothragonus swani",1
"Bothrocara brunneum",1
"Bothrocara sp.",1
"Bothus pantherinus",1
"Bothus poda",1
"Bothus sp.",1
"Botia hymenophysa",1
"Botia macracanthus",1
"Brachychalcinus nummus",1
"Brachychalcinus orbicularis",1
"Brachygalaxias bullocki",1
"Brachyhypopomus brevirostris",1
"Brachyhypopomus n.sp. ""electropomus""",1
"Brachyistius frenatus",1
"Brachyrhamdia imitator",1
"Bramidae",1
"Branchioica sp.",1
"Bregmaceros cantori",1
"Bregmaceros sp.",1
"Breviraja plutonia",1
"Brevoortia sp.",1
"Brosmophyciops pautzkei",1
"Brosmophycis marginata",1
"Brotula multibarbata",1
"Brycinus imberi",1
"Brycon -B-",1
"Brycon meeki",1
"Brycon striatulus",1
"Bryconamericus alpha",1
"Bryconops melanurus",1
"Bryconops sp.",1
"Bujurquina vittata",1
"Bullisichthys caribbaeus",1
"Caelorinchus caelorhincus",1
"Caelorinchus simorhynchus",1
"Caffrogobius caffer",1
"Calamus calamus",1
"Calamus pennatula",1
"Callechelys catostomus",1
"Callechelys sp.",1
"Callionymus filamentosus",1
"Callogobius maculipinnis",1
"Callogobius sp. 4",1
"Campostoma anomalum x Rhinichthys atratulus",1
"Campostoma oligolepis x Notropis chrysocephalus",1
"Canthidermis sufflamen",1
"Canthigaster amboinensis",1
"Canthigaster coronatus",1
"Canthigaster jactator",1
"Canthigaster valentini",1
"Caracanthus maculatus",1
"Caracanthus unipinna",1
"Caranx latus",1
"Caranx mate",1
"Caranx sexfasciatus",1
"Caranx vinctus",1
"Carapus homei",1
"Carcharhinus acronotus",1
"Carcharhinus sp.",1
"Careproctus rastrinus",1
"Carnegiella marthae",1
"Carnegiella strigata",1
"Carpiodes cf. cyprinus",1
"Cataetyx rubrirostris",1
"Cathorops steindachneri",1
"Catla catla",1
"Catoprion mento",1
"Catostomus columbianus x C. macrocheilus",1
"Catostomus columbianus x C. platyrhynchus",1
"Catostomus discobolus x C. platyrhynchus",1
"Catostomus latipinnis x C. clarki",1
"Catostomus latipinnis x C. discobolus",1
"Catostomus occidentalis lacusanserinus",1
"Catostomus santaanae",1
"Caulolatilus microps",1
"Centriscus sp.",1
"Centrolophus sp.",1
"Centropomus ensiferus",1
"Centropomus mexicanus",1
"Centropomus undecimalis",1
"Centropyge eibli",1
"Centropyge ferrugata",1
"Centropyge fisheri",1
"Centropyge flavissima",1
"Centropyge loricula",1
"Centropyge shepardi",1
"Cephalopholis argus",1
"Cephalopholis boenack",1
"Cephalopholis spiloparaea",1
"Cephalopholis urodeta",1
"Cephaloscyllium ventriosum",1
"Ceratoscopelus sp.",1
"Cerdale floridana",1
"Chaca chaca",1
"Chaca sp.",1
"Chaetobranchus flavescens",1
"Chaetodipterus zonatus",1
"Chaetodon auriga",1
"Chaetodon baronessa",1
"Chaetodon collare",1
"Chaetodon ephippium",1
"Chaetodon fremblii",1
"Chaetodon kleinii",1
"Chaetodon multicinctus",1
"Chaetodon punctatofasciatus",1
"Chaetodon semilarvatus",1
"Chaetodon sp.",1
"Chaetodon trifasciatus",1
"Chaetodontoplus mesoleucus",1
"Chaetostoma fischeri",1
"Chalcalburnus mossulensis",1
"Channa sp.",1
"Channa stewartii",1
"Chapalichthys pardalis",1
"Characidium purpuratum",1
"Characidium zebra",1
"Characodon lateralis",1
"Charax gibbosus",1
"Chasmistes cujus",1
"Chasmocranus sp.",1
"Chauliodus danae",1
"Cheilinus chlorourus",1
"Cheilio inermis",1
"Cheilodipterus isostigmus",1
"Cheilopogon pinnatibarbatus",1
"Cheilotrema saturnum",1
"Cheirodon affinis",1
"Cheirodon gorgonae",1
"Chilomycterus geometricus",1
"Chirocentrus dorab",1
"Chirolophis decoratus",1
"Chirolophis nugator",1
"Chiropsis decagrammus",1
"Chirostoma bartoni",1
"Chirostomias sp.",1
"Chlorophthalmus sp.",1
"Choerodon fasciatus",1
"Choeroichthys sculptus",1
"Chorisochismus dentex",1
"Chromis acares",1
"Chromis alta",1
"Chromis amboinensis",1
"Chromis delta",1
"Chromis enchrysura",1
"Chromis hanui",1
"Chromis margaritifer",1
"Chromis nigrura",1
"Chromis sp.",1
"Chromis vanderbilti",1
"Chrysiptera brownriggi",1
"Chrysophrys sp.",1
"Cichla cf. ocellaris",1
"Cichla monoculus",1
"Cichlasoma dimerus",1
"Cichlasoma istlanum",1
"Cichlasoma longimanus",1
"Cichlasoma orinocense",1
"Cichlasoma pantostictum",1
"Cichlasoma robertsoni",1
"Cichlasoma salvini",1
"Cichlasoma trimaculatum",1
"Cichlosoma tuyrense",1
"Cirrhilabrus jordani",1
"Cirrhinus cirrhosus",1
"Cirrhitichthys aprinus",1
"Cirrhitichthys falco",1
"Cirrhitops fasciatus",1
"Cirrhitus pinnulatus",1
"Cirripectes stigmaticus",1
"Citharoides macrolepis",1
"Clarias batrachus",1
"Clarias sp.",1
"Clepticus parrae",1
"Clinostomus funduloides x Phoxinus erythrogaster",1
"Clupea bentincki",1
"Clupea harengus",1
"Clypeobarbus pleuropholis",1
"Cobitis choirorhynchos",1
"Cobitis lutheri",1
"Cobitis macrostigma",1
"Cobitis taenia",1
"Coccorella sp.",1
"Coelorinchus carribbaeus",1
"Coilia macrognathos",1
"Coilia nasus",1
"Colisa lalia",1
"Colisa sp.",1
"Coloconger meadi",1
"Colossoma sp.",1
"Conger cinereus",1
"Congridae",1
"Conodon nobilis",1
"Coris venusta",1
"Corydoras arcuatus",1
"Corydoras hastatus",1
"Corydoras julii",1
"Coryphaenoides striaturus",1
"Coryphopterus hyalinus",1
"Coryphopterus personatus",1
"Corythoichthys flavofasciatus",1
"Corythoichthys intestinalis",1
"Cottus asperrimus",1
"Cottus baileyi",1
"Cottus bairdii kumlieni",1
"Cottus girardi",1
"Cottus greenei",1
"Cottus klamathensis macrops",1
"Cottus klamathensis polyporus",1
"Cottus leiopomus",1
"Cottus nozawae",1
"Cottus poecilopus",1
"Cottus sibiricus",1
"Cottus sp.",1
"Cottus sp. ""bluestone""",1
"Cottus sp. ""smoky sculpin""",1
"Craterocephalus honoriae",1
"Creagrudite sp.",1
"Creagrutus sp. 2",1
"Cremnochorites capensis",1
"Crenicichla cf. lepidota",1
"Crenicichla saxatilis",1
"Cromileptes altivelis",1
"Crossorhombus kobensis",1
"Crossostoma lacustre",1
"Cryptacanthodes maculatus",1
"Cryptocentrus sp.",1
"Ctenogobius sagittula",1
"Ctenogobius stigmaticus",1
"Ctenopoma petherici",1
"Cualac tessellatus",1
"Curimatus sp.",1
"Cycleptus meridionalis",1
"Cyclopterus lumpus",1
"Cyclothone braueri",1
"Cyclothone microdon",1
"Cynodon gibbus",1
"Cynoglossus cf. interruptus",1
"Cynoglossus macrolepidotus",1
"Cynoscion sp.",1
"Cyphocharax magdalenae",1
"Cyprinella bocagrande",1
"Cyprinella camura x C. spiloptera",1
"Cyprinella chloristia",1
"Cyprinella leedsi",1
"Cyprinella lepida",1
"Cyprinella venusta x C. whipplii",1
"Cyprinion modestus",1
"Cyprinodon elegans",1
"Cyprinodon latifasciatus",1
"Cyprinodon macularius",1
"Cyprinodon nevadensis nevadensis",1
"Cyprinodontidae",1
"Cyprinus carpio x Carassius auratus",1
"Cyprinus sp.",1
"Cypselurus callopterus",1
"Cypselurus heterurus",1
"Cyttopsis rosea",1
"Dactyloscopus byersi",1
"Danio dangila",1
"Dascyllus albisella",1
"Dasyatis sabinus",1
"Dasyatis sp.",1
"Decapterus ronchus",1
"Dendrochirus biocellatus",1
"Dentex dentex",1
"Diaphus fragilis",1
"Diaphus mollis",1
"Diaphus problematicus",1
"Diaphus sp.",1
"Diaphus splendidus",1
"Diapterus olisthostomus",1
"Diapterus plumieri",1
"Diapterus sp.",1
"Diastobranchus capensis",1
"Dicrolene introniger",1
"Dinematichthys sp.",1
"Diodon holocanthus",1
"Dionda rasconis",1
"Dionda sp.",1
"Diplodus cervinus",1
"Diplogrammus goramensis",1
"Dipturus olseni",1
"Diretmus argenteus",1
"Distichodus sp.",1
"Doratonotus megalepis",1
"Dorosoma sp.",1
"Doryrhamphus excisus excisus",1
"Drepane longimana",1
"Echidna catenata",1
"Echidna nebulosa",1
"Echiophis intertinctus",1
"Ecsenius bicolor",1
"Ecsenius fijiensis",1
"Ecsenius pardus",1
"Eigenmannia cf. virescens",1
"Eigenmannia virescens",1
"Eleginus nawaga",1
"Eleotridae",1
"Eleotris picta",1
"Encheliophis gracilis",1
"Enchelycore bayeri",1
"Enchelyopus cimbrius",1
"Engraulis eurystole",1
"Engyophrys senta",1
"Engyprosopon cf. multisquama",1
"Enophrys lucasi",1
"Enophrys taurina",1
"Entomacrodus niuafooensis",1
"Entosphenus tridentatus",1
"Enypnias seminudus",1
"Epibulus insidiator",1
"Epinephelus",1
"Epinephelus adscensionis",1
"Epinephelus fasciatus",1
"Epinephelus hexagonatus",1
"Epinephelus macrospilos",1
"Epinephelus marginatus",1
"Epinephelus polyphekadion",1
"Erimystax cahni",1
"Erimyzon sp.",1
"Erpetoichthys calabaricus",1
"Esox americanus americanus",1
"Esox masquinongy",1
"Esox sp.",1
"Etheostoma (splendidum-ms)",1
"Etheostoma australe",1
"Etheostoma blennioides x E. newmani",1
"Etheostoma cf. simoterum",1
"Etheostoma cf. zonale",1
"Etheostoma cinereum",1
"Etheostoma collis",1
"Etheostoma corona",1
"Etheostoma forbesi",1
"Etheostoma fricksium",1
"Etheostoma fusiforme fusiforme",1
"Etheostoma hopkinsi",1
"Etheostoma inscriptum",1
"Etheostoma jimmycarter",1
"Etheostoma kanawhae",1
"Etheostoma kennicotti cumberlandicum",1
"Etheostoma n. sp.",1
"Etheostoma nuchale",1
"Etheostoma oophylax",1
"Etheostoma pseudovulatum",1
"Etheostoma radiosum x E. spectabile",1
"Etheostoma scotti",1
"Etheostoma sellare",1
"Etheostoma tippecanoe",1
"Etheostoma tuscumbia",1
"Etheostoma wapiti",1
"Ethmidium maculatum",1
"Etroplus maculatus",1
"Etropus cyclosquamus",1
"Etropus rimosus",1
"Eucinostomus californiensis",1
"Eucinostomus gracilis",1
"Eucryphycus californicus",1
"Eurypharynx pelecanoides",1
"Euthynnus alletteratus",1
"Eutropiichthys murius",1
"Exallias brevis",1
"Exocoetus monocirrhus",1
"Farlowella gracilis",1
"Farlowella mariaelenae",1
"Fibramia lateralis",1
"Fowleria flammea",1
"Fowleria isostigma",1
"Fowleria variegata",1
"Fundulus rathbuni",1
"Fundulus rubrifrons",1
"Fusigobius neophytus",1
"g",1
"Gadella imberbis",1
"Gadus morhua",1
"Gadus ogac",1
"Gaidropsarus capensis",1
"Galaxias maculatus",1
"Galaxias variegatus",1
"Gambusia krumholzi",1
"Gambusia nobilis",1
"Gambusia panamaensis",1
"Gambusia sexradiata",1
"Garra lamta",1
"Garra makiensis",1
"Garra quadrimaculata",1
"Gasteropelecus maculatus",1
"Gasterosteus cataphractus",1
"Gasterosteus wheatlandi",1
"Genypterus capensis",1
"Geotria australis",1
"Gephyrocharax intermedius",1
"Gephyrocharax sp.",1
"Gerres oyena",1
"Gibbonsia elegans",1
"Gibbonsia montereyensis",1
"Gila alvordensis",1
"Gila purpurea",1
"Ginglymostoma cirratum",1
"Girella nigricans",1
"Glossogobius callidus",1
"Glossogobius sparsipapillus",1
"Glyptocephalus cynoglossus",1
"Glyptothorax alaknandi",1
"Glyptothorax botius",1
"Gnathagnus egregius",1
"Gnathocharax sp.",1
"Gnathocharax steindachneri",1
"Gnathodentex aureolineatus",1
"Gnathopogon argentatus",1
"Gobiesox cephalus",1
"Gobio albipinnatus",1
"Gobio gobio",1
"Gobio kessleri",1
"Gobioides broussonnetii",1
"Gobiomorus ginsbergi",1
"Gobionellus oceanicus",1
"Gobionellus stigmaticus",1
"Gobiosoma macrodon",1
"Gobius uranoscopus",1
"Gomphosus varius",1
"Gonostoma bathyphilum",1
"Gonostoma sp.",1
"Goodeidae",1
"Gramma loreto",1
"Grammatostomias sp.",1
"Grammicolepis brachiusculus",1
"Grammistops ocellatus",1
"Guianacara owroewefi",1
"Gunnellichthys monostigma",1
"Guyanancistrus brevispinis",1
"Gymnachirus sp.",1
"Gymnocephalus cernuus",1
"Gymnocephalus schraetser",1
"Gymnocharacinus bergii",1
"Gymnocypris przewalskii",1
"Gymnogeophagus meridionalis",1
"Gymnothorax buroensis",1
"Gymnothorax flavimarginatus",1
"Gymnothorax fuscomaculatus",1
"Gymnothorax meleagris",1
"Gymnothorax richardsoni",1
"Gymnothorax zonipectis",1
"Gymnotidae",1
"Gymnotus anguillaris",1
"Gymnura marmorata",1
"Haemulon parra",1
"Haemulon plumieri",1
"Haemulon runator",1
"Haemulon sp.",1
"Haemulopsis leuciscus",1
"Halargyreus johnsonii",1
"Halichoeres argus",1
"Halichoeres ornatissimus",1
"Halichoeres pictus",1
"Halichoeres radiatus",1
"Halichoeres semicinctus",1
"Hatcheria burmeisteri",1
"Hatcheria pique",1
"Helcogramma sp.",1
"Hemibarbus maculatus",1
"Hemigrammocypris rasborella",1
"Hemigrammus -C-",1
"Hemigrammus barrigonae",1
"Hemigrammus boesemani",1
"Hemimyzon yaotanensis",1
"Hemiodontichthys sp.",1
"Hemiodus microlepis",1
"Hemiodus sp.",1
"Hemiramphus brasiliensis",1
"Hemisorubim platyrhynchos",1
"Heniochus acuminatus",1
"Heniochus chrysostomus",1
"Heniochus varius",1
"Heptapterus sp.",1
"Heteroconger hassi",1
"Heteromycteris japonicus",1
"Heteropriacanthus cruentatus",1
"Hexagrammos cf. octogrammus",1
"Himantura schmardae",1
"Hippocampus zosterae",1
"Hippoglossoides platessoides",1
"Hipposcarus longiceps",1
"Hirundichthys marginatus",1
"Hirundichthys rondeleti",1
"Histrio sp.",1
"Holacanthus arcuatus",1
"Holacanthus bermudensis",1
"Holacanthus ciliaris",1
"Holacanthus isabelita",1
"Holacanthus passer",1
"Hollardia hollardi",1
"Holocentrus adscensionis",1
"Holocentrus rufus",1
"Holoshesthes geayi",1
"Homodiaetus sp.",1
"Hoplias trahira",1
"Hoplosternum thoracatum",1
"Hoplunnis tenuis",1
"Howella brodiei",1
"Hybognathus argyritis x H. placitus",1
"Hybopsis euspilus",1
"Hybopsis sp.",1
"Hydrocynus sp.",1
"Hyperprosopon anale",1
"Hyperprosopon ellipticum",1
"Hyphessobrycon savagei",1
"Hypleurochilus geminatus",1
"Hypoatherina harringtonensis",1
"Hypoplectrus sp.",1
"Hypoplectrus unicolor",1
"Hypopomus artedi",1
"Hypopomus sp.",1
"Hypoptopoma joberti",1
"Hypoptopomatinae",1
"Hypopygus lepturus",1
"Hyporhamphus affinis",1
"Hyporhamphus xanthopterus",1
"Hypostomus plecostomus",1
"Hypsopsetta guttulata",1
"Hysterocarpus traski",1
"Icelinus burchami",1
"Icelinus cavifrons",1
"Icelus spiniger",1
"Ichthyomyzon bdellium",1
"Ichthyomyzon greeleyi",1
"Icichthys lockingtoni",1
"Ilisha africana",1
"Imparfinis -B-",1
"Imparfinis stictonotus",1
"Inopsetta ischyra",1
"Istiblennius lineatus",1
"Istiblennius zebra",1
"Istigobius ornatus",1
"Ituglanis sp.",1
"Jenkinsia lamprotaenia",1
"Jenynsia eirmostigma",1
"Jordanella pulchra",1
"Kali kerberti",1
"Katsuwonus pelamis",1
"Krobia guianensis",1
"Krobia sp.",1
"Kryptopterus sp.",1
"Kuronezumia leonis",1
"Kyphosus sectatrix",1
"Labeo cylindricus",1
"Labeo dyocheilus",1
"Labeo gonius",1
"Labeo rosae",1
"Labeobarbus bynni bynni",1
"Labeotropheus fuelleborni",1
"Labidesthes sp.",1
"Labrisomus kalisherae",1
"Labroides dimidiatus",1
"Lachneratus phasmaticus",1
"Lactophrys bicaudalis",1
"Lactophrys sp.",1
"Lactophrys trigonus",1
"Laeops kitaharae",1
"Lampanyctus alatus",1
"Lampanyctus photonotus",1
"Lampanyctus pusillus",1
"Lampetra lamottei",1
"Larabicus quadrilineatus",1
"Lasiancistrus planiceps",1
"Latimeria chalumnae",1
"Leiocassis longirostris",1
"Leiognathus klunzingeri",1
"Lepidoblepharon ophthalmolepis",1
"Lepidogobius lepidus",1
"Lepidomeda albivallis",1
"Lepidomeda mollispinis x Rhinichthys osculus",1
"Lepidomeda vittata",1
"Lepidopus xantusi",1
"Lepidosiren intermedia",1
"Lepidosiren paradoxa",1
"Lepidotrigla brachyoptera",1
"Lepisosteus platyrhincus",1
"Lepomis cyanellus x L. microlophus",1
"Lepomis gulosus x L. cyanellus",1
"Lepomis gulosus x L. macrochirus",1
"Lepomis macrochirus x",1
"Lepomis macrochirus x L. microlophus",1
"Lepomis megalotis x L. humilis",1
"Lepomis megalotis x L. macrochirus",1
"Lepomis megalotis x L. microlophus",1
"Lepophidium aporrhox",1
"Lepophidium crossotum",1
"Lepophidium cultratum",1
"Lepophidium gilmorei",1
"Leporinus striatus",1
"Leptagoniates steindachneri",1
"Leptoancistrus canensis",1
"Leptobarbus hoevenii",1
"Leptoclinus maculatus",1
"Lermichthys multiradiatus",1
"Lestidium atlanticum",1
"Lethrinus atkinsoni",1
"Lethrinus rubrioperculatus",1
"Leucaspius delineatus",1
"Leuciscus leuciscus",1
"Leucoraja erinacea",1
"Leuresthes tenuis",1
"Lile stolifera",1
"Limanda aspera",1
"Limanda ferruginea",1
"Liopropoma pallidum",1
"Liparis callyodon",1
"Liparis cyclopus",1
"Liparis dennyi",1
"Liparis gibbus",1
"Liparis inquilinus",1
"Liparis pulchella",1
"Lithognathus mormyrus",1
"Lobianchia dolfleini",1
"Lobianchia gemellarii",1
"Lonchopisthus micrognathus",1
"Lophiodes reticulatus",1
"Loricaria sp.",1
"Loricariichthys sp.",1
"Loricariidae",1
"Luciosoma bleekeri",1
"Lumpenus anguillaris",1
"Lumpenus cf. sagitta",1
"Lumpenus lumpretaeformis",1
"Lutjanus apodus",1
"Lutjanus argentiventris",1
"Lutjanus buccanella",1
"Lutjanus gibbus",1
"Lutjanus jocu",1
"Lutjanus monostigma",1
"Luxilus chrysocephalus x L. cornutus",1
"Luxilus chrysocephalus x L. pilsbryi",1
"Luxilus cornutus x Phoxinus erythrogaster",1
"Lycodapus fierasfer",1
"Lycodapus mandibularis",1
"Lycodes concolor",1
"Lycodontis sp.",1
"Lythrurus matutinus",1
"Lythrypnus dalli",1
"Macrhybopsis boschungi",1
"Macrhybopsis etnieri",1
"Macrhybopsis pallida",1
"Macrhybopsis tomellerii",1
"Macrodontogobius wilburi",1
"Macrognathus aculeatus",1
"Macroparalepis sp.",1
"Macroramphosus gracilis",1
"Macroramphosus scolopax",1
"Magnisudis atlantica",1
"Malacanthus plumieri",1
"Malacocephalus laevis",1
"Malacoctenus delalandii",1
"Malacosteus niger",1
"Mallotus villosus",1
"Margrethia obtusirostra",1
"Marosatherina ladigesi",1
"Mastacembelus frenatus",1
"Mastiglanis sp.",1
"Maylandia callainos",1
"Meda fulgida",1
"Megalonema platycephalum",1
"Meiacanthus oualanensis",1
"Melamphaes microps",1
"Melanocharacidium blennioides",1
"Melanocharacidium dispilomma",1
"Melanorhinus microps",1
"Melanotaenia splendida rubrostriata",1
"Melanotaenia trifasciata",1
"Melichthys vidua",1
"Membras vagrans",1
"Menidia peninsulae",1
"Menidia sp.",1
"Merluccius gayi",1
"Merluccius sp.",1
"Metaloricaria nijsseni",1
"Microcottus sellaris",1
"Microctenopoma pekkolai",1
"Microdesmus bahianus",1
"Microdesmus longipinnis",1
"Microglanis sp.",1
"Microgobius thalassinus",1
"Micrometrus minimus",1
"Misgurnus anguillicaudatus",1
"Moenkhausia collettii",1
"Moenkhausia lepidura",1
"Moenkhausia moisae",1
"Moenkhausia sp. 2",1
"Mola mola",1
"Monacanthus ciliaris",1
"Monocirrhus polyacanthus",1
"Monodactylus argenteus",1
"Moringua javanica",1
"Moxostoma austrinum",1
"Moxostoma grammavion",1
"Moxostoma macrolepidotum x M. pisolabrum",1
"Moxostoma pappillosum",1
"Mugil hospes",1
"Mulloidichthys flavolineatus",1
"Mulloidichthys pflugeri",1
"Mustelus henlei",1
"Mycteroperca bonaci",1
"Myctophum aurolaternatum",1
"Myctophum sp.",1
"Myliobatis californica",1
"Myliobatis freminvillei",1
"Mylopharodon conocephalus",1
"Myoxocephalus quadricornus",1
"Myrichthys ocellatus",1
"Myripristis adusta",1
"Myripristis berndti",1
"Myripristis hexagona",1
"Myripristis jacobus",1
"Myripristis vittata",1
"Myrophis platyrhynchus",1
"Mystus gulio",1
"Mystus macropterus",1
"Myxine glutinosa",1
"Nannacara anomala",1
"Nannosalarias nativitatus",1
"Nannostomus bifasciatus",1
"Nannostomus cf. anomalus",1
"Nannostomus cf. egues",1
"Nannostomus cf. trifasciatus",1
"Naso hexacanthus",1
"Naso unicornis",1
"Nautichthys oculofaciatus",1
"Neanthias accraensis",1
"Nectamia savayensis",1
"Nectamia viria",1
"Neetroplus nematopus",1
"Nemacheilus multifasciatus",1
"Nematalosa nasus",1
"Nematogobius brachynemus",1
"Nemichthys curvirostris",1
"Nemichthys sp.",1
"Neobythites gilli",1
"Neocirrhites armatus",1
"Neoconger mucronatus",1
"Neoepinnula orientalis",1
"Neogastromyzon cf. nieuwenhuisii",1
"Neoglyphidodon carlsoni",1
"Neoheterandria tridentiger",1
"Neoheterandria umbratilis",1
"Neoniphon opercularis",1
"Neopomacentrus metallicus",1
"Neotrygon kuhlii",1
"Nessorhamphus ingolfianus",1
"Nezumia aequalis",1
"Nezumia micronychodon",1
"Nezumia suilla",1
"Nicholsina usta",1
"Nocomis cf. effusus",1
"Nocomis cf. micropogon",1
"Nocomis raneyi",1
"Nomeus gronovii",1
"Notacanthus chemnitzi",1
"Notacanthus sexpinis",1
"Notarius kessleri",1
"Nothobranchius sp.",1
"Notolychnus valdiviae",1
"Notopteridae",1
"Notoscopelus resplendens",1
"Notropis bairdi x N. girardi",1
"Notropis bifrenatus",1
"Notropis buccula",1
"Notropis calientis",1
"Notropis mekistocholas",1
"Notropis nubilus x Luxilus cardinalis",1
"Notropis rafinesquei",1
"Notropis rubellus x N. nubilus",1
"Notropis rupestris",1
"Notropis stramineus x N. dorsalis",1
"Notropis tropicus",1
"Notropis wickliffi wickliffi",1
"Noturus cf. funebris",1
"Noturus gilberti",1
"Noturus procne",1
"Noturus sp.",1
"Novaculichthys taeniourus",1
"Ochmacanthus sp.",1
"Odontobutis obscurus",1
"Odontostilbe euspilura",1
"Odontostilbe yatai",1
"Odonus niger",1
"Ogcocephalus nasutus",1
"Ogcocephalus parvus",1
"Ogcocephalus sp.",1
"Ogilbia pearsei",1
"Oligocottus nyderi",1
"Oligocottus sp.",1
"Omosudis lowii",1
"Ompok pabda",1
"Oncorhynchus apache",1
"Oncorhynchus sp.",1
"Oneirodes bulbosus",1
"Oneirodes sp.",1
"Ophichthus puncticeps",1
"Ophidion genyopus",1
"Ophidion guianense",1
"Ophidion josephi",1
"Ophidion marginatum",1
"Ophidion puck",1
"Ophidion scrippsae",1
"Ophidion welshi",1
"Ophiocephalops sp.",1
"Oplopomus oplopomus",1
"Opsaridium boweni",1
"Opsaridium ubangiense",1
"Oreochromis niloticus",1
"Oreoleuciscus humilis",1
"Oreosoma atlanticum",1
"Orestias humboldti",1
"Osteoglossum ferreirai",1
"Ostorhinchus aureus",1
"Ostorhinchus cookii",1
"Ostorhinchus fukuii",1
"Ostracion cubicus",1
"Ostracion sp.",1
"Otocinclus affinis",1
"Otolithes ruber",1
"Oxycheilinus unifasciatus",1
"Oxyeleotris siamensis",1
"Oxyeleotris sp.",1
"Oxyjulis californica",1
"Oxyzygonectes dovii",1
"Pallasina barbata",1
"Panaque nigrolineatus",1
"Pantodon sp.",1
"Parabotia banarescui",1
"Parabotia maculosa",1
"Parabramis pekinensis",1
"Parachirus xenicus",1
"Paracirrhites pinnulatus",1
"Paradiplogrammus bairdi",1
"Paragoniates alburnus",1
"Parakneria ladigesi",1
"Paralabrax humeralis",1
"Paralabrax maculatofasciatus",1
"Paralabrax nebulifer",1
"Paralichthys californicus",1
"Paralichthys squamilentus",1
"Paraliparis sp.",1
"Parapercis clathrata",1
"Parapimelodus valenciennis",1
"Parapsettus panamensis",1
"Parastromateus niger",1
"Parauchenipterus sp.",1
"Paravandellia sp.",1
"Parazen pacificus",1
"Parexocoetus mento",1
"Parodon sp.",1
"Parotocinclus sp.",1
"Parupeneus ciliatus",1
"Pempheris oualensis",1
"Perca sp.",1
"Percichthys sp.",1
"Percina aurora",1
"Percina brevicauda",1
"Percina lenticula",1
"Percina macrocephala",1
"Percina maculata x P. caprodes",1
"Percina notogramma",1
"Percina oxyrhynchus",1
"Percina sp. x Etheostoma sp.",1
"Percina stictogaster",1
"Percina suttkusi",1
"Periophthalmus kalolo",1
"Peristedion gracile",1
"Phaeoptyx conklini",1
"Phaeoptyx pigmentaria",1
"Phenacogaster megalostictus",1
"Phosichthys argenteus",1
"Photonectes margarita",1
"Phoxinus cumberlandensis",1
"Phoxinus erythrogaster x Campostoma anomalum",1
"Phoxinus neogaeus x P. eos",1
"Phoxinus poljakowi",1
"Phoxinus sp. x Campostoma sp.",1
"Phoxinus sp. x Luxilus chrysocephalus",1
"Phoxinus sp. x Semotilus sp.",1
"Phoxinus tennesseensis",1
"Phoxocampus belcheri",1
"Phractolaemus ansorgii",1
"Phtheirichthys lineatus",1
"Physiculus fulvus",1
"Physiculus sp.",1
"Phytichthys chirus",1
"Piabucina festae",1
"Pimelodella buckleyi",1
"Pimelodella cristata",1
"Pimelodus altissimus",1
"Pimelodus blochii",1
"Pimelodus ornatus",1
"Pimelodus pictus",1
"Plagiotremus tapeinosoma",1
"Platax orbicularis",1
"Platyrhinoidis triseriata",1
"Plecostomus plecostomus",1
"Plectorhinchus picus",1
"Plectranthias longimanus",1
"Plectroglyphidodon leucozonus",1
"Plectropoma macrophthalmos",1
"Plectropomus pictus",1
"Plectrypops retrospinis",1
"Plesiops corallicola",1
"Pleuronectes platessa",1
"Pleuronichthys sp.",1
"Plotosus lineatus",1
"Poecilia chica",1
"Poecilia melanonotata",1
"Poecilia orri",1
"Poecilia reticulata",1
"Poecilia velifera",1
"Poeciliopsis balsas",1
"Poeciliopsis cf. turrabarensis",1
"Poeciliopsis fasciata",1
"Poeciliopsis infans",1
"Poeciliopsis turneri",1
"Poecilopsetta plinthus",1
"Pogonichthys ciscoides",1
"Pollachius virens",1
"Pollichthys mauli",1
"Polydactylus approximans",1
"Polydactylus persicus",1
"Polyipnus clarus",1
"Polyipnus polli",1
"Polyipnus triphanos",1
"Polymetme corythaeola",1
"Polymixia japonica",1
"Polynemus paradiseus",1
"Polyprion origeneus",1
"Polypterus congicus",1
"Pomacanthus annularis",1
"Pomacanthus arcuatus",1
"Pomacanthus navarchus",1
"Pomacanthus paru",1
"Pomacanthus xanthometopon",1
"Pomacentridae",1
"Pomacentrus moluccensis",1
"Pomacentrus nigromarginatus",1
"Pomacentrus sp.",1
"Pomachromis richardsoni",1
"Pomadasys incisus",1
"Pomadasys macracanthus",1
"Pomoxis annularis x Lepomis macrochirus",1
"Poroclinus rothrocki",1
"Priacanthus sp.",1
"Priapella sp.",1
"Prionotus martis",1
"Prionotus paralatus",1
"Pristella sp.",1
"Pristipomoides argyrogrammicus",1
"Pristis pectinata",1
"Prochilodus mariae",1
"Profundulus candalarias",1
"Prognathodes aya",1
"Prognichthys brevipinnis",1
"Promethichthys prometheus",1
"Pronotogrammus martinicensis",1
"Protopterus sp.",1
"Psenes cyanophrys",1
"Psephurus gladius",1
"Psettina tosana",1
"Psettodes erumei",1
"Pseudambassis ranga",1
"Pseudamia gelatinosa",1
"Pseudanos trimaculatus",1
"Pseudanthias hypselosoma",1
"Pseudechidna brummeri",1
"Pseudepiplatys annulatus",1
"Pseuderythrinus sp.",1
"Pseudobagrus fulvidraco",1
"Pseudobagrus tenuis",1
"Pseudobarbus burchelli",1
"Pseudocheilinus evanidus",1
"Pseudocheilinus hexataenia",1
"Pseudochromis jamesi",1
"Pseudochromis sp.",1
"Pseudocorynopoma doriae",1
"Pseudocrenilabrus philander",1
"Pseudogobio esocinus",1
"Pseudojuloides cerasinus",1
"Pseudomugil gertrudae",1
"Pseudomugil signifer",1
"Pseudophallus mindii",1
"Pseudorasbora parva",1
"Pseudorhombus pentophthalmus",1
"Psilorhynchus sp.",1
"Psychrolutes phrictus",1
"Ptereleotris heteroptera",1
"Ptereleotris sp.",1
"Pterolebias longipinnis",1
"Pterophyllum scalare",1
"Pterygoplichthys multiradiatus",1
"Pterygotrigla multiocellata",1
"Ptychocheilus lucius",1
"Ptychocheilus sp.",1
"Puntius sp.",1
"Pycnomma roosevelti",1
"Pygoplites diacanthus",1
"Pyrrhulina filamentosa",1
"Pyrrhulina lugubris",1
"Raiamas christyi",1
"Raiamas kheeli",1
"Raja inornata",1
"Raja radiata",1
"Rasbora aurotaenia",1
"Rasbora sp.",1
"Rastrinus scutiger",1
"Rhacochilus toxotes",1
"Rhadinocentrus ornatus",1
"Rhamdia managuensis",1
"Rhamdia nicaraguensis",1
"Rhamdia sapo",1
"Rhamdia underwoodi",1
"Rhamphichthys marmoratus",1
"Rhamphocottus richardsoni",1
"Rhechias thysanochila",1
"Rhinecanthus rectangulus",1
"Rhinesomus bicaudalis",1
"Rhinichthys cataractae x R. osculus",1
"Rhinichthys evermanni",1
"Rhinichthys osculus x Richardsonius balteatus",1
"Richardsonius balteatus hydrophlox",1
"Rineloricaria magdalenae",1
"Rivulus brunneus",1
"Rivulus cf. hildebrandi",1
"Rivulus montium",1
"Roeboides cf. salvadoris",1
"Roeboides dayi",1
"Roeboides sp.",1
"Romanichthys valsanicola",1
"Rondeletia loricata",1
"Ronquilus jordani",1
"Rutilus rutilus",1
"Ruvettus pretiosus",1
"Rypticus subbifrenatus",1
"Saccobranchus fossilis",1
"Saccobranchus sp.",1
"Salarias alboguttatus",1
"Salminus sp.",1
"Salmo sp.",1
"Salmo trutta x Salvelinus fontinalis",1
"Salmostoma sp.",1
"Salvelinus sp.",1
"Samariscus japonicus",1
"Samariscus xenicus",1
"Sarcocheilichthys variegatus",1
"Sarda sarda",1
"Sardina pilchardus",1
"Sardinella maderensis",1
"Sardinella sardina",1
"Sargocentron diadema",1
"Sargocentron microstomus",1
"Sargocentron spiniferum",1
"Saurida normani",1
"Saurida undosquamis",1
"Saurogobio gymnocheilus",1
"Scarus caeruleus",1
"Scarus dubius",1
"Scarus ghobban",1
"Scarus iseri",1
"Scarus sp.",1
"Schilbeidae",1
"Schizodon scotorhabdotus",1
"Schizodon vittatus",1
"Schizothorax sp.",1
"Sciades seemanni",1
"Scleronema sp.",1
"Scomberesox saurus",1
"Scomberomorus regalis",1
"Scomberomorus sp.",1
"Scombridae",1
"Scombrolabrax heterolepis",1
"Scopelengys tristis",1
"Scopelosaurus harryi",1
"Scorpaena dispar",1
"Scorpaenodes albaiensis",1
"Scorpaenodes guamensis",1
"Scorpaenodes parvipinnis",1
"Scyliorhinus retifer",1
"Scyris alexandrinus",1
"Sebastapistes strongia",1
"Sebastes borealis",1
"Sebastes chrysomelas",1
"Sebastes constellatus",1
"Sebastes flavidus",1
"Sebastes reedi",1
"Sebastes ruberrimus",1
"Sebastes zacentrus",1
"Sebastolobus altivelis",1
"Securicula gora",1
"Selene brevoortii",1
"Semaprochilodus insignis",1
"Semotilus atromaculatus maculatus",1
"Semotilus atromaculatus x Phoxinus erythrogaster",1
"Seriola zonata",1
"Serranus atrobranchus",1
"Serranus baldwini",1
"Serranus notospilus",1
"Serranus tortugarum",1
"Serrasalmus sp.",1
"Serrivomer sector",1
"Siganus punctatus",1
"Siganus spinus",1
"Siluranodon auritus",1
"Silurichthys sp.",1
"Silurus asotus",1
"Silurus wynaadensis",1
"Sirembo imberbis",1
"Solea solea",1
"Soleidae",1
"Sorubim lima",1
"Sparisoma chrysopterum",1
"Sparisoma flavescens",1
"Sparodon durbanensis",1
"Spatuloricaria sp.",1
"Sperata sp.",1
"Sphoeroides annulatus",1
"Sphoeroides greeleyi",1
"Sphoeroides nephelus",1
"Sphoeroides sp.",1
"Sphyraena argentea",1
"Sphyraena barracuda",1
"Sphyraena obtusata",1
"Sphyraena sphyraena",1
"Sphyrna tiburo",1
"Spicara smaris",1
"Spinibarbus sinensis",1
"Squalus sp.",1
"Starksia ocellata",1
"Starksia sp.",1
"Stegastes albifasciatus",1
"Stegastes fasciolatus",1
"Stegastes leucostictus",1
"Stegastes planifrons",1
"Stegastes variabilis",1
"Steindachneria argentea",1
"Steindachnerina sp.",1
"Stethojulis balteata",1
"Stichaeus punctatus",1
"Stigmatogobius pleurostigma",1
"Stigmatogobius sadanundio",1
"Stomias atriventer",1
"Stomias brevibarbatus",1
"Stomiidae",1
"Strongylura exilis",1
"Sudis hyalina",1
"Syacium gunteri",1
"Syacium micrurum",1
"Symbolophorus californiensis",1
"Symphurus civitatus",1
"Symphurus diomedianus",1
"Symphysodon cf. aeguifasciata",1
"Symphysodon discus",1
"Synaphobranchus affinis",1
"Synaphobranchus kaupi",1
"Synaptura orientalis",1
"Synchiropus splendidus",1
"Syngnathus californiensis",1
"Syngnathus elcapitanense",1
"Syngnathus fuscus",1
"Syngnathus sp.",1
"Synodontis gambiensis",1
"Synodus bondi",1
"Synodus intermedius",1
"Synodus sp.",1
"Synodus synodus",1
"Talismania bifurcata",1
"Taractichthys longipinnis",1
"Tarphops oligolepis",1
"Tatia altae",1
"Tatia perugiae",1
"Tautogolabrus adspersus",1
"Terapon jarbua",1
"Tetragonopterus argenteus",1
"Tetraodon biocellatus",1
"Tetraodon sp.",1
"Tetraodontidae",1
"Tetrapturus albidus",1
"Tetrapturus belone",1
"Tetrapturus georgei",1
"Thalassoma quinquevittatum",1
"Thalassophryne maculosa",1
"Thaleichthys pacificus",1
"Thoburnia atripinnis",1
"Thoburnia hamiltoni",1
"Thoracocharax stellatus",1
"Thyrsoidea macrura",1
"Tilapia rendalli",1
"Tomicodon fasciatus",1
"Tor chelynoides",1
"Toxotes jaculator",1
"Trachinotus sp.",1
"Trachurus mediterranus",1
"Trachurus trachurus",1
"Trachyscorpia cristulata",1
"Trematomus bernacchii",1
"Trichodon trichodon",1
"Trichogaster leerii",1
"Trichomycterus corduvence",1
"Trichomycterus roigi",1
"Trichopsetta ventralis",1
"Tridentopsis pearsoni",1
"Triglops pingeli",1
"Triphoturus mexicanus",1
"Triplophysa alticeps",1
"Triportheus angulatus",1
"Triportheus cf. angulatus",1
"Ulaema lefroyi",1
"Umbrina roncador",1
"Upeneus maculatus",1
"Uranoscopus sulphureus",1
"Uraspis secunda",1
"Uroconger syringinus",1
"Valamugil engeli",1
"Valenciennea longipinnis",1
"Vanmanenia stenosoma",1
"Varicorhinus beso",1
"Variola albimarginata",1
"Vinciguerria lucetia",1
"Vinciguerria poweriae",1
"Vinciguerria sp.",1
"Xanthichthys auromarginatus",1
"Xenistius californiensis",1
"Xenocypris davidi",1
"Xenodermichthys socialis",1
"Xenomystax congroides",1
"Xenotoca melanosoma",1
"Xenotoca variata",1
"Xiphophorus cf. helleri",1
"Xiphophorus maculatus",1
"Xiphophorus sp.",1
"Xiphophorus xiphidium",1
"Xyrichtys novacula",1
"Xystreurys liolepis",1
"Yongeichthys criniger",1
"Yuriria alta",1
"Zacco temminkii",1
"Zaniolepis latipinnis",1
"Zebrasoma scopas",1
"Zebrasoma xanthurum",1
"Zebrias japonica",1
"Zenarchopterus dispar",1
"Zenion hololepis",1
"Zingel streber",1
"Zingel zingel",1
"Zoarces americanus",1
"Zoramia flebila",1
