"Typestatus","Count"
"",90174
"paratype of <a href=""http://arctos.database.museum/name/nocomis effusus"">nocomis effusus</a> in <a href=""http://arctos.database.museum/publication/10006803"">cumv fish type citations</a>",20
"paratype of <a href=""http://arctos.database.museum/name/noturus albater"">noturus albater</a> in <a href=""http://arctos.database.museum/publication/10006803"">cumv fish type citations</a>",20
"paratype of <a href=""http://arctos.database.museum/name/paramormyrops"">paramormyrops sp. magnostipes</a> sp. magnostipes in <a href=""http://arctos.database.museum/publication/10006803"">cumv fish type citations</a>",20
"voucher of petrocephalus arnegardi, page 55 in <a href=""http://arctos.database.museum/publication/10006822"">lavoué & sullivan 2014</a>",16
"paratype of <a href=""http://arctos.database.museum/name/campostoma pauciradii"">campostoma pauciradii</a>, page 108 in <a href=""http://arctos.database.museum/publication/10006837"">burr & cashner 1983</a>",15
"paratype of <a href=""http://arctos.database.museum/name/paramormyrops"">paramormyrops sp. bennetti</a> sp. bennetti in <a href=""http://arctos.database.museum/publication/10006803"">cumv fish type citations</a>",14
"paratype of <a href=""http://arctos.database.museum/name/hypentelium roanokense"">hypentelium roanokense</a> in <a href=""http://arctos.database.museum/publication/10006803"">cumv fish type citations</a>",13
"paratype of <a href=""http://arctos.database.museum/name/nocomis raneyi"">nocomis raneyi</a> in <a href=""http://arctos.database.museum/publication/10006803"">cumv fish type citations</a>",11
"paratype of <a href=""http://arctos.database.museum/name/etheostoma hopkinsi"">etheostoma hopkinsi</a> in <a href=""http://arctos.database.museum/publication/10006803"">cumv fish type citations</a>",10
"paratype of <a href=""http://arctos.database.museum/name/petrocephalus zakoni"">petrocephalus zakoni</a>, page 9 in <a href=""http://arctos.database.museum/publication/10006838"">lavoué et al 2010</a>",10
"paratype of <a href=""http://arctos.database.museum/name/moxostoma lachneri"">moxostoma lachneri</a> in <a href=""http://arctos.database.museum/publication/10006803"">cumv fish type citations</a>",9
"paratype of <a href=""http://arctos.database.museum/name/nocomis platyrhynchus"">nocomis platyrhynchus</a> in <a href=""http://arctos.database.museum/publication/10006803"">cumv fish type citations</a>",9
"paratype of <a href=""http://arctos.database.museum/name/petrocephalus odzalaensis"">petrocephalus odzalaensis</a>, page 22 in <a href=""http://arctos.database.museum/publication/10006838"">lavoué et al 2010</a>",9
"paratype of <a href=""http://arctos.database.museum/name/cyprinella spiloptera"">cyprinella spiloptera</a> in <a href=""http://arctos.database.museum/publication/10006803"">cumv fish type citations</a>; paratype of <a href=""http://arctos.database.museum/name/cyprinella spiloptera"">cyprinella spiloptera</a> in <a href=""http://arctos.database.museum/publication/10006803"">cumv fish type citations</a>",8
"paratype of petrocephalus arnegardi, page 55 in <a href=""http://arctos.database.museum/publication/10006822"">lavoué & sullivan 2014</a>",8
"paratype of <a href=""http://arctos.database.museum/name/petrocephalus valentini"">petrocephalus valentini</a>, page 13 in <a href=""http://arctos.database.museum/publication/10006838"">lavoué et al 2010</a>",7
"paratype of <a href=""http://arctos.database.museum/name/amphilius pedunculus"">amphilius pedunculus</a>, page 71 in <a href=""http://arctos.database.museum/publication/10007185"">thomson et al. zootaxa  3986 (1) </a>",6
"paratype of <a href=""http://arctos.database.museum/name/moxostoma ariommum"">moxostoma ariommum</a> in <a href=""http://arctos.database.museum/publication/10006803"">cumv fish type citations</a>",6
"paratype of <a href=""http://arctos.database.museum/name/sternarchorhynchus stewarti"">sternarchorhynchus stewarti</a> in <a href=""http://arctos.database.museum/publication/10006803"">cumv fish type citations</a>",6
"paratype of <a href=""http://arctos.database.museum/name/cottus kanawhae"">cottus kanawhae</a>, page 2 in <a href=""http://arctos.database.museum/publication/10006910"">robins 2005</a>",5
"paratype of <a href=""http://arctos.database.museum/name/etheostoma neopterum"">etheostoma neopterum</a> in <a href=""http://arctos.database.museum/publication/10006803"">cumv fish type citations</a>",5
"paratype of <a href=""http://arctos.database.museum/name/hemigrammocharax rubensteini"">hemigrammocharax rubensteini</a>, page 31 in <a href=""http://arctos.database.museum/publication/10006798"">jerep and vari 2013</a>",5
"paratype of <a href=""http://arctos.database.museum/name/nannocharax hastatus"">nannocharax hastatus</a>, page 45 in <a href=""http://arctos.database.museum/publication/10006912"">jerep and vari 2014</a>",5
"paratype of <a href=""http://arctos.database.museum/name/notropis hypsilepis"">notropis hypsilepis</a> in <a href=""http://arctos.database.museum/publication/10006803"">cumv fish type citations</a>",5
"paratype of <a href=""http://arctos.database.museum/name/noturus flavater"">noturus flavater</a> in <a href=""http://arctos.database.museum/publication/10006803"">cumv fish type citations</a>",5
"paratype of <a href=""http://arctos.database.museum/name/platyurosternarchus crypticus"">platyurosternarchus crypticus</a> in <a href=""http://arctos.database.museum/publication/10006803"">cumv fish type citations</a>",5
"voucher of <a href=""http://arctos.database.museum/name/parachanna insignis"">parachanna insignis</a> in <a href=""http://arctos.database.museum/publication/10006899"">serrao et al. 2014</a>",5
"paratopotype of petrocephalus arnegardi, page 54 in <a href=""http://arctos.database.museum/publication/10006822"">lavoué & sullivan 2014</a>",4
"paratype of <a href=""http://arctos.database.museum/name/congoglanis sagitta"">congoglanis sagitta</a>, page 484 in <a href=""http://arctos.database.museum/publication/10006787"">ferraris et al. 2011</a>",4
"paratype of <a href=""http://arctos.database.museum/name/cottus kanawhae"">cottus kanawhae</a>, page 3 in <a href=""http://arctos.database.museum/publication/10006910"">robins 2005</a>",4
"paratype of <a href=""http://arctos.database.museum/name/etheostoma chlorobranchium"">etheostoma chlorobranchium</a> in <a href=""http://arctos.database.museum/publication/10006803"">cumv fish type citations</a>",4
"paratype of <a href=""http://arctos.database.museum/name/metzia parva"">metzia parva</a>, page 228 in <a href=""http://arctos.database.museum/publication/10007202"">luo et al. 2015</a>",4
"paratype of <a href=""http://arctos.database.museum/name/percina evides striolacauda"">percina evides striolacauda</a> in <a href=""http://arctos.database.museum/publication/10006803"">cumv fish type citations</a>",4
"paratype of <a href=""http://arctos.database.museum/name/percina lenticula"">percina lenticula</a> in <a href=""http://arctos.database.museum/publication/10006803"">cumv fish type citations</a>",4
"paratype of <a href=""http://arctos.database.museum/name/percina notogramma"">percina notogramma</a> in <a href=""http://arctos.database.museum/publication/10006803"">cumv fish type citations</a>",4
"paratype of <a href=""http://arctos.database.museum/name/petrocephalus pulsivertens"">petrocephalus pulsivertens</a>, page 32 in <a href=""http://arctos.database.museum/publication/10006838"">lavoué et al 2010</a>",4
"paratype of <a href=""http://arctos.database.museum/name/poecilichthys kanawhae"">poecilichthys kanawhae</a> in <a href=""http://arctos.database.museum/publication/10006803"">cumv fish type citations</a>",4
"paratype of <a href=""http://arctos.database.museum/name/pteronotropis euryzonus"">pteronotropis euryzonus</a> in <a href=""http://arctos.database.museum/publication/10006803"">cumv fish type citations</a>",4
"paratype of <a href=""http://arctos.database.museum/name/stomatorhinus ivindoensis"">stomatorhinus ivindoensis</a>, page 4 in <a href=""http://arctos.database.museum/publication/10006844"">sullivan & hopkins 2005</a>",4
"paratype of <a href=""http://arctos.database.museum/name/amphilius crassus"">amphilius crassus</a>, page 79 in <a href=""http://arctos.database.museum/publication/10007185"">thomson et al. zootaxa  3986 (1) </a>",3
"paratype of <a href=""http://arctos.database.museum/name/amphilius frieli"">amphilius frieli</a>, page 75 in <a href=""http://arctos.database.museum/publication/10007185"">thomson et al. zootaxa  3986 (1) </a>",3
"paratype of <a href=""http://arctos.database.museum/name/brachyhypopomus bullocki"">brachyhypopomus bullocki</a>, page 186 in <a href=""http://arctos.database.museum/publication/10006815"">sullivan & hopkins 2009</a>",3
"paratype of <a href=""http://arctos.database.museum/name/cottus girardi"">cottus girardi</a>, page 306 in <a href=""http://arctos.database.museum/publication/10006907"">robins 1961</a>",3
"paratype of <a href=""http://arctos.database.museum/name/etheostoma scotti"">etheostoma scotti</a> in <a href=""http://arctos.database.museum/publication/10006803"">cumv fish type citations</a>",3
"paratype of <a href=""http://arctos.database.museum/name/notropis alborus"">notropis alborus</a> in <a href=""http://arctos.database.museum/publication/10006803"">cumv fish type citations</a>",3
"paratype of <a href=""http://arctos.database.museum/name/notropis altipinnis whitei"">notropis altipinnis whitei</a> in <a href=""http://arctos.database.museum/publication/10006803"">cumv fish type citations</a>",3
"paratype of <a href=""http://arctos.database.museum/name/percina evides ozarcana"">percina evides ozarcana</a> in <a href=""http://arctos.database.museum/publication/10006803"">cumv fish type citations</a>",3
"paratype of <a href=""http://arctos.database.museum/name/petrocephalus frieli"">petrocephalus frieli</a>, page 2171 in <a href=""http://arctos.database.museum/publication/10006781"">lavoué 2012</a>",3
"paratype of <a href=""http://arctos.database.museum/name/petrocephalus similis"">petrocephalus similis</a>, page 23 in <a href=""http://arctos.database.museum/publication/10006846"">lavoué 2011</a>",3
"paratype of <a href=""http://arctos.database.museum/name/petrocephalus sullivani"">petrocephalus sullivani</a>, page 13 in <a href=""http://arctos.database.museum/publication/10006847"">lavoué et al. 2004</a>",3
"syntype of <a href=""http://arctos.database.museum/name/leucichthys cyanopterus"">leucichthys cyanopterus</a> in <a href=""http://arctos.database.museum/publication/10006803"">cumv fish type citations</a>",3
"holotype of <a href=""http://arctos.database.museum/name/etheostoma zonale"">etheostoma zonale</a> in <a href=""http://arctos.database.museum/publication/10006803"">cumv fish type citations</a>",2
"paralectotype of <a href=""http://arctos.database.museum/name/percina crassa roanoka"">percina crassa roanoka</a> in <a href=""http://arctos.database.museum/publication/10006803"">cumv fish type citations</a>; paralectotype of <a href=""http://arctos.database.museum/name/percina roanoka"">percina roanoka</a> in <a href=""http://arctos.database.museum/publication/10006803"">cumv fish type citations</a>; paralectotype of <a href=""http://arctos.database.museum/name/percina roanoka"">percina roanoka</a> in <a href=""http://arctos.database.museum/publication/10006803"">cumv fish type citations</a>",2
"paratopotype of <a href=""http://arctos.database.museum/name/cottus baileyi"">cottus baileyi</a>, page 312 in <a href=""http://arctos.database.museum/publication/10006907"">robins 1961</a>",2
"paratopotype of petrocephalus arnegardi, page 41 in <a href=""http://arctos.database.museum/publication/10006822"">lavoué & sullivan 2014</a>",2
"paratype of <a href=""http://arctos.database.museum/name/amphilius caudosignatus"">amphilius caudosignatus</a>, page 48 in <a href=""http://arctos.database.museum/publication/10006810"">skelton 2007</a>",2
"paratype of <a href=""http://arctos.database.museum/name/atopodontus adriaensi"">atopodontus adriaensi</a>, page 16 in <a href=""http://arctos.database.museum/publication/10006796"">friel and vigliotta 2008</a>",2
"paratype of <a href=""http://arctos.database.museum/name/bembrops quadrisella"">bembrops quadrisella</a>, page 976 in <a href=""http://arctos.database.museum/publication/10006813"">thompson & suttkus 1998</a>",2
"paratype of <a href=""http://arctos.database.museum/name/brachyhypopomus walteri"">brachyhypopomus walteri</a>, page 8 in <a href=""http://arctos.database.museum/publication/10006775"">sullivan et al. 2013</a>",2
"paratype of <a href=""http://arctos.database.museum/name/chiloglanis orthodontus"">chiloglanis orthodontus</a>, page 13 in <a href=""http://arctos.database.museum/publication/10006805"">friel and vigliotta 2011</a>",2
"paratype of <a href=""http://arctos.database.museum/name/cottus hypselurus"">cottus hypselurus</a>, page 370 in <a href=""http://arctos.database.museum/publication/10006909"">robins and robison 1985</a>",2
"paratype of <a href=""http://arctos.database.museum/name/doumea gracila"">doumea gracila</a>, page 60 in <a href=""http://arctos.database.museum/publication/10006810"">skelton 2007</a>",2
"paratype of <a href=""http://arctos.database.museum/name/enneacanthus chaetodon"">enneacanthus chaetodon</a> in <a href=""http://arctos.database.museum/publication/10006803"">cumv fish type citations</a>",2
"paratype of <a href=""http://arctos.database.museum/name/entomacrodus cadenati"">entomacrodus cadenati</a> in <a href=""http://arctos.database.museum/publication/10006803"">cumv fish type citations</a>",2
"paratype of <a href=""http://arctos.database.museum/name/etheostoma bellum"">etheostoma bellum</a> in <a href=""http://arctos.database.museum/publication/10006803"">cumv fish type citations</a>",2
"paratype of <a href=""http://arctos.database.museum/name/etheostoma blennius"">etheostoma blennius</a> in <a href=""http://arctos.database.museum/publication/10006803"">cumv fish type citations</a>",2
"paratype of <a href=""http://arctos.database.museum/name/etheostoma collettei"">etheostoma collettei</a> in <a href=""http://arctos.database.museum/publication/10006803"">cumv fish type citations</a>",2
"paratype of <a href=""http://arctos.database.museum/name/etheostoma collis"">etheostoma collis</a> in <a href=""http://arctos.database.museum/publication/10006803"">cumv fish type citations</a>",2
"paratype of <a href=""http://arctos.database.museum/name/etheostoma denoncourti"">etheostoma denoncourti</a> in <a href=""http://arctos.database.museum/publication/10006803"">cumv fish type citations</a>",2
"paratype of <a href=""http://arctos.database.museum/name/etheostoma microlepidum"">etheostoma microlepidum</a> in <a href=""http://arctos.database.museum/publication/10006803"">cumv fish type citations</a>; paratype of <a href=""http://arctos.database.museum/name/etheostoma microlepidum"">etheostoma microlepidum</a> in <a href=""http://arctos.database.museum/publication/10006803"">cumv fish type citations</a>",2
"paratype of <a href=""http://arctos.database.museum/name/etheostoma raneyi"">etheostoma raneyi</a> in <a href=""http://arctos.database.museum/publication/10006803"">cumv fish type citations</a>",2
"paratype of <a href=""http://arctos.database.museum/name/etheostoma rubrum"">etheostoma rubrum</a> in <a href=""http://arctos.database.museum/publication/10006803"">cumv fish type citations</a>",2
"paratype of <a href=""http://arctos.database.museum/name/etheostoma zonale"">etheostoma zonale</a> in <a href=""http://arctos.database.museum/publication/10006803"">cumv fish type citations</a>",2
"paratype of <a href=""http://arctos.database.museum/name/ichthyomyzon hubbsi"">ichthyomyzon hubbsi</a> in <a href=""http://arctos.database.museum/publication/10006803"">cumv fish type citations</a>",2
"paratype of <a href=""http://arctos.database.museum/name/nothonotus starnesi"">nothonotus starnesi</a>, page 7 in <a href=""http://arctos.database.museum/publication/10006901"">keck and near 2013</a>",2
"paratype of <a href=""http://arctos.database.museum/name/notropis altipinnis neusensis"">notropis altipinnis neusensis</a> in <a href=""http://arctos.database.museum/publication/10006803"">cumv fish type citations</a>",2
"paratype of <a href=""http://arctos.database.museum/name/notropis altipinnis tarensis"">notropis altipinnis tarensis</a> in <a href=""http://arctos.database.museum/publication/10006803"">cumv fish type citations</a>",2
"paratype of <a href=""http://arctos.database.museum/name/notropis asperifrons"">notropis asperifrons</a> in <a href=""http://arctos.database.museum/publication/10006803"">cumv fish type citations</a>",2
"paratype of <a href=""http://arctos.database.museum/name/notropis atrapiculus"">notropis atrapiculus</a> in <a href=""http://arctos.database.museum/publication/10006803"">cumv fish type citations</a>",2
"paratype of <a href=""http://arctos.database.museum/name/notropis cummingsae collis"">notropis cummingsae collis</a> in <a href=""http://arctos.database.museum/publication/10006803"">cumv fish type citations</a>",2
"paratype of <a href=""http://arctos.database.museum/name/notropis merlini"">notropis merlini</a> in <a href=""http://arctos.database.museum/publication/10006803"">cumv fish type citations</a>",2
"paratype of <a href=""http://arctos.database.museum/name/paramormyrops"">paramormyrops sp. robertsi</a> sp. robertsi in <a href=""http://arctos.database.museum/publication/10006803"">cumv fish type citations</a>",2
"paratype of <a href=""http://arctos.database.museum/name/percina notogramma montuosa"">percina notogramma montuosa</a> in <a href=""http://arctos.database.museum/publication/10006803"">cumv fish type citations</a>",2
"paratype of <a href=""http://arctos.database.museum/name/percina peltata"">percina peltata</a> in <a href=""http://arctos.database.museum/publication/10006803"">cumv fish type citations</a>",2
"paratype of <a href=""http://arctos.database.museum/name/synodontis ngouniensis"">synodontis ngouniensis</a>, page 122 in <a href=""http://arctos.database.museum/publication/10006817"">de weirdt et al. 2008</a>",2
"paratype of <a href=""http://arctos.database.museum/name/varicorhinus axelrodi"">varicorhinus axelrodi</a>, page 160 in <a href=""http://arctos.database.museum/publication/10006895"">getahun et al. 2004</a>",2
"syntype of <a href=""http://arctos.database.museum/name/thalassophryne dowi"">thalassophryne dowi</a> in <a href=""http://arctos.database.museum/publication/10006803"">cumv fish type citations</a>",2
"voucher of <a href=""http://arctos.database.museum/name/etheostoma olmstedi"">etheostoma olmstedi</a> in <a href=""http://arctos.database.museum/publication/10006803"">cumv fish type citations</a>",2
"voucher of <a href=""http://arctos.database.museum/name/haplochromis vanheusdeni"">haplochromis vanheusdeni</a>, page 137 in <a href=""http://arctos.database.museum/publication/10006849"">schedel et al. 2014</a>",2
"voucher of <a href=""http://arctos.database.museum/name/kneria paucisquamata"">kneria paucisquamata</a>, page 298 in <a href=""http://arctos.database.museum/publication/10007015"">near et al. 2014</a>",2
"voucher of <a href=""http://arctos.database.museum/name/nannocharax brevis"">nannocharax brevis</a>, page 367 in <a href=""http://arctos.database.museum/publication/10006850"">jerep et al. 2014</a>",2
"voucher of <a href=""http://arctos.database.museum/name/nannocharax maculicauda"">nannocharax maculicauda</a>, page 368 in <a href=""http://arctos.database.museum/publication/10006850"">jerep et al. 2014</a>",2
"voucher of <a href=""http://arctos.database.museum/name/nannocharax taenia"">nannocharax taenia</a>, page 368 in <a href=""http://arctos.database.museum/publication/10006850"">jerep et al. 2014</a>",2
"voucher of nannocharax uniocellatus, page 368 in <a href=""http://arctos.database.museum/publication/10006850"">jerep et al. 2014</a>",2
"basis of illustration of <a href=""http://arctos.database.museum/name/mochokus niloticus"">mochokus niloticus</a>, page 5 in <a href=""http://arctos.database.museum/publication/10006792"">stewart et al. 2014</a>",1
"holotype of <a href=""http://arctos.database.museum/name/amphilius caudosignatus"">amphilius caudosignatus</a>, page 48 in <a href=""http://arctos.database.museum/publication/10006810"">skelton 2007</a>",1
"holotype of <a href=""http://arctos.database.museum/name/amphilius frieli"">amphilius frieli</a>, page 75 in <a href=""http://arctos.database.museum/publication/10007185"">thomson et al. zootaxa  3986 (1) </a>",1
"holotype of <a href=""http://arctos.database.museum/name/amphilius pedunculus"">amphilius pedunculus</a>, page 70 in <a href=""http://arctos.database.museum/publication/10007185"">thomson et al. zootaxa  3986 (1) </a>",1
"holotype of <a href=""http://arctos.database.museum/name/atopodontus adriaensi"">atopodontus adriaensi</a>, page 16 in <a href=""http://arctos.database.museum/publication/10006796"">friel and vigliotta 2008</a>",1
"holotype of <a href=""http://arctos.database.museum/name/chiloglanis igamba"">chiloglanis igamba</a>, page 4 in <a href=""http://arctos.database.museum/publication/10006805"">friel and vigliotta 2011</a>",1
"holotype of <a href=""http://arctos.database.museum/name/chiloglanis kazumbei"">chiloglanis kazumbei</a>, page 9 in <a href=""http://arctos.database.museum/publication/10006805"">friel and vigliotta 2011</a>",1
"holotype of <a href=""http://arctos.database.museum/name/chiloglanis orthodontus"">chiloglanis orthodontus</a>, page 4 in <a href=""http://arctos.database.museum/publication/10006805"">friel and vigliotta 2011</a>",1
"holotype of <a href=""http://arctos.database.museum/name/congoglanis sagitta"">congoglanis sagitta</a>, page 484 in <a href=""http://arctos.database.museum/publication/10006787"">ferraris et al. 2011</a>",1
"holotype of <a href=""http://arctos.database.museum/name/cottus baileyi"">cottus baileyi</a>, page 311 in <a href=""http://arctos.database.museum/publication/10006907"">robins 1961</a>",1
"holotype of <a href=""http://arctos.database.museum/name/cottus girardi"">cottus girardi</a>, page 306 in <a href=""http://arctos.database.museum/publication/10006907"">robins 1961</a>",1
"holotype of <a href=""http://arctos.database.museum/name/cottus kanawhae"">cottus kanawhae</a>, page 2 in <a href=""http://arctos.database.museum/publication/10006910"">robins 2005</a>",1
"holotype of <a href=""http://arctos.database.museum/name/cryptomyrus ogoouensis"">cryptomyrus ogoouensis</a>, page 133 in <a href=""http://arctos.database.museum/publication/10007298"">sullivan et al. 2016</a>",1
"holotype of <a href=""http://arctos.database.museum/name/cyprinella spiloptera"">cyprinella spiloptera</a> in <a href=""http://arctos.database.museum/publication/10006803"">cumv fish type citations</a>; holotype of <a href=""http://arctos.database.museum/name/cyprinella spiloptera"">cyprinella spiloptera</a> in <a href=""http://arctos.database.museum/publication/10006803"">cumv fish type citations</a>",1
"holotype of <a href=""http://arctos.database.museum/name/doumea gracila"">doumea gracila</a>, page 60 in <a href=""http://arctos.database.museum/publication/10006810"">skelton 2007</a>",1
"holotype of <a href=""http://arctos.database.museum/name/etheostoma bellum"">etheostoma bellum</a> in <a href=""http://arctos.database.museum/publication/10006803"">cumv fish type citations</a>",1
"holotype of <a href=""http://arctos.database.museum/name/etheostoma blennioides"">etheostoma blennioides</a> in <a href=""http://arctos.database.museum/publication/10006803"">cumv fish type citations</a>",1
"holotype of <a href=""http://arctos.database.museum/name/etheostoma chlorobranchium"">etheostoma chlorobranchium</a> in <a href=""http://arctos.database.museum/publication/10006803"">cumv fish type citations</a>",1
"holotype of <a href=""http://arctos.database.museum/name/etheostoma denoncourti"">etheostoma denoncourti</a> in <a href=""http://arctos.database.museum/publication/10006803"">cumv fish type citations</a>",1
"holotype of <a href=""http://arctos.database.museum/name/etheostoma hopkinsi"">etheostoma hopkinsi</a> in <a href=""http://arctos.database.museum/publication/10006803"">cumv fish type citations</a>",1
"holotype of <a href=""http://arctos.database.museum/name/etheostoma microlepidum"">etheostoma microlepidum</a> in <a href=""http://arctos.database.museum/publication/10006803"">cumv fish type citations</a>; holotype of <a href=""http://arctos.database.museum/name/etheostoma microlepidum"">etheostoma microlepidum</a> in <a href=""http://arctos.database.museum/publication/10006803"">cumv fish type citations</a>",1
"holotype of <a href=""http://arctos.database.museum/name/etheostoma moorei"">etheostoma moorei</a> in <a href=""http://arctos.database.museum/publication/10006803"">cumv fish type citations</a>",1
"holotype of <a href=""http://arctos.database.museum/name/etheostoma rubrum"">etheostoma rubrum</a> in <a href=""http://arctos.database.museum/publication/10006803"">cumv fish type citations</a>",1
"holotype of <a href=""http://arctos.database.museum/name/etheostoma rupestre"">etheostoma rupestre</a> in <a href=""http://arctos.database.museum/publication/10006803"">cumv fish type citations</a>",1
"holotype of <a href=""http://arctos.database.museum/name/etheostoma zonale"">etheostoma zonale</a> in <a href=""http://arctos.database.museum/publication/10006803"">cumv fish type citations</a>; holotype of <a href=""http://arctos.database.museum/name/etheostoma zonale"">etheostoma zonale</a> in <a href=""http://arctos.database.museum/publication/10006803"">cumv fish type citations</a>",1
"holotype of <a href=""http://arctos.database.museum/name/haplochromis vanheusdeni"">haplochromis vanheusdeni</a>, page 137 in <a href=""http://arctos.database.museum/publication/10006849"">schedel et al. 2014</a>",1
"holotype of <a href=""http://arctos.database.museum/name/harpe naevius"">harpe naevius</a>, page 630 in <a href=""http://arctos.database.museum/publication/10006814"">eigenmann 1894</a>",1
"holotype of <a href=""http://arctos.database.museum/name/hemigrammocharax rubensteini"">hemigrammocharax rubensteini</a>, page 31 in <a href=""http://arctos.database.museum/publication/10006798"">jerep and vari 2013</a>; voucher of <a href=""http://arctos.database.museum/name/hemigrammocharax rubensteini"">hemigrammocharax rubensteini</a>, page 368 in <a href=""http://arctos.database.museum/publication/10006850"">jerep et al. 2014</a>",1
"holotype of <a href=""http://arctos.database.museum/name/hylopanchax paucisquamatus"">hylopanchax paucisquamatus</a>, page 580 in <a href=""http://arctos.database.museum/publication/10007014"">sonnenberg et al. 2014</a>",1
"holotype of <a href=""http://arctos.database.museum/name/hypopsis"">hypopsis sp.</a> sp. in <a href=""http://arctos.database.museum/publication/10006803"">cumv fish type citations</a>",1
"holotype of <a href=""http://arctos.database.museum/name/ichthyomyzon hubbsi"">ichthyomyzon hubbsi</a> in <a href=""http://arctos.database.museum/publication/10006803"">cumv fish type citations</a>",1
"holotype of <a href=""http://arctos.database.museum/name/microsynodontis armatus"">microsynodontis armatus</a>, page 10 in <a href=""http://arctos.database.museum/publication/10006896"">ng 2004</a>",1
"holotype of <a href=""http://arctos.database.museum/name/microsynodontis emarginatus"">microsynodontis emarginatus</a>, page 15 in <a href=""http://arctos.database.museum/publication/10006896"">ng 2004</a>",1
"holotype of <a href=""http://arctos.database.museum/name/microsynodontis hirsutus"">microsynodontis hirsutus</a>, page 20 in <a href=""http://arctos.database.museum/publication/10006896"">ng 2004</a>",1
"holotype of <a href=""http://arctos.database.museum/name/microsynodontis laevigatus"">microsynodontis laevigatus</a>, page 25 in <a href=""http://arctos.database.museum/publication/10006896"">ng 2004</a>",1
"holotype of <a href=""http://arctos.database.museum/name/microsynodontis nasutus"">microsynodontis nasutus</a>, page 32 in <a href=""http://arctos.database.museum/publication/10006896"">ng 2004</a>",1
"holotype of <a href=""http://arctos.database.museum/name/microsynodontis vigilis"">microsynodontis vigilis</a>, page 39 in <a href=""http://arctos.database.museum/publication/10006896"">ng 2004</a>",1
"holotype of <a href=""http://arctos.database.museum/name/moxostoma grammarion"">moxostoma grammarion</a> in <a href=""http://arctos.database.museum/publication/10006803"">cumv fish type citations</a>",1
"holotype of <a href=""http://arctos.database.museum/name/moxostoma lachneri"">moxostoma lachneri</a> in <a href=""http://arctos.database.museum/publication/10006803"">cumv fish type citations</a>",1
"holotype of <a href=""http://arctos.database.museum/name/mylesinus macropterus"">mylesinus macropterus</a>, page 212 in <a href=""http://arctos.database.museum/publication/10006820"">ulrey 1894</a>",1
"holotype of <a href=""http://arctos.database.museum/name/nannocharax hastatus"">nannocharax hastatus</a>, page 45 in <a href=""http://arctos.database.museum/publication/10006912"">jerep and vari 2014</a>; voucher of hemigrammocharax hastatus, page 367 in <a href=""http://arctos.database.museum/publication/10006850"">jerep et al. 2014</a>",1
"holotype of <a href=""http://arctos.database.museum/name/notropis asperifrons"">notropis asperifrons</a> in <a href=""http://arctos.database.museum/publication/10006803"">cumv fish type citations</a>",1
"holotype of <a href=""http://arctos.database.museum/name/notropis atrapiculus"">notropis atrapiculus</a> in <a href=""http://arctos.database.museum/publication/10006803"">cumv fish type citations</a>",1
"holotype of <a href=""http://arctos.database.museum/name/notropis baileyi"">notropis baileyi</a> in <a href=""http://arctos.database.museum/publication/10006803"">cumv fish type citations</a>",1
"holotype of <a href=""http://arctos.database.museum/name/notropis bellus alegnotus"">notropis bellus alegnotus</a> in <a href=""http://arctos.database.museum/publication/10006803"">cumv fish type citations</a>",1
"holotype of <a href=""http://arctos.database.museum/name/notropis hypsilepis"">notropis hypsilepis</a> in <a href=""http://arctos.database.museum/publication/10006803"">cumv fish type citations</a>",1
"holotype of <a href=""http://arctos.database.museum/name/notropis suttkusi"">notropis suttkusi</a> in <a href=""http://arctos.database.museum/publication/10006803"">cumv fish type citations</a>",1
"holotype of <a href=""http://arctos.database.museum/name/notropis"">notropis sp.</a> sp. in <a href=""http://arctos.database.museum/publication/10006803"">cumv fish type citations</a>",1
"holotype of <a href=""http://arctos.database.museum/name/paramormyrops"">paramormyrops sp. bennetti</a> sp. bennetti in <a href=""http://arctos.database.museum/publication/10006803"">cumv fish type citations</a>",1
"holotype of <a href=""http://arctos.database.museum/name/paramormyrops"">paramormyrops sp. magnostipes</a> sp. magnostipes in <a href=""http://arctos.database.museum/publication/10006803"">cumv fish type citations</a>",1
"holotype of <a href=""http://arctos.database.museum/name/paramormyrops"">paramormyrops szaboi n. sp.</a> szaboi n. sp. in <a href=""http://arctos.database.museum/publication/10006803"">cumv fish type citations</a>",1
"holotype of <a href=""http://arctos.database.museum/name/paramormyrops"">paramormyrops vadamans n. sp.</a> vadamans n. sp. in <a href=""http://arctos.database.museum/publication/10006803"">cumv fish type citations</a>",1
"holotype of <a href=""http://arctos.database.museum/name/percina evides ozarcana"">percina evides ozarcana</a> in <a href=""http://arctos.database.museum/publication/10006803"">cumv fish type citations</a>",1
"holotype of <a href=""http://arctos.database.museum/name/percina evides striolacauda"">percina evides striolacauda</a> in <a href=""http://arctos.database.museum/publication/10006803"">cumv fish type citations</a>",1
"holotype of <a href=""http://arctos.database.museum/name/percina lenticula"">percina lenticula</a> in <a href=""http://arctos.database.museum/publication/10006803"">cumv fish type citations</a>",1
"holotype of <a href=""http://arctos.database.museum/name/percina nigrofasciata raneyi"">percina nigrofasciata raneyi</a> in <a href=""http://arctos.database.museum/publication/10006803"">cumv fish type citations</a>",1
"holotype of <a href=""http://arctos.database.museum/name/petrocephalus frieli"">petrocephalus frieli</a>, page 2170 in <a href=""http://arctos.database.museum/publication/10006781"">lavoué 2012</a>",1
"holotype of <a href=""http://arctos.database.museum/name/petrocephalus mbossou"">petrocephalus mbossou</a>, page 38 in <a href=""http://arctos.database.museum/publication/10006838"">lavoué et al 2010</a>",1
"holotype of <a href=""http://arctos.database.museum/name/petrocephalus odzalaensis"">petrocephalus odzalaensis</a>, page 22 in <a href=""http://arctos.database.museum/publication/10006838"">lavoué et al 2010</a>",1
"holotype of <a href=""http://arctos.database.museum/name/petrocephalus pulsivertens"">petrocephalus pulsivertens</a>, page 32 in <a href=""http://arctos.database.museum/publication/10006838"">lavoué et al 2010</a>",1
"holotype of <a href=""http://arctos.database.museum/name/petrocephalus similis"">petrocephalus similis</a>, page 23 in <a href=""http://arctos.database.museum/publication/10006846"">lavoué 2011</a>",1
"holotype of <a href=""http://arctos.database.museum/name/petrocephalus valentini"">petrocephalus valentini</a>, page 13 in <a href=""http://arctos.database.museum/publication/10006838"">lavoué et al 2010</a>",1
"holotype of <a href=""http://arctos.database.museum/name/petrocephalus zakoni"">petrocephalus zakoni</a>, page 9 in <a href=""http://arctos.database.museum/publication/10006838"">lavoué et al 2010</a>",1
"holotype of <a href=""http://arctos.database.museum/name/petrocephalus"">petrocephalus boboto</a> boboto, page 47 in <a href=""http://arctos.database.museum/publication/10006822"">lavoué & sullivan 2014</a>",1
"holotype of <a href=""http://arctos.database.museum/name/petrocephalus"">petrocephalus ubangi 1 n. sp.</a> ubangi 1 n. sp. in <a href=""http://arctos.database.museum/publication/10006803"">cumv fish type citations</a>",1
"holotype of <a href=""http://arctos.database.museum/name/platyurosternarchus crypticus"">platyurosternarchus crypticus</a> in <a href=""http://arctos.database.museum/publication/10006803"">cumv fish type citations</a>",1
"holotype of <a href=""http://arctos.database.museum/name/pteronotropis euryzonus"">pteronotropis euryzonus</a> in <a href=""http://arctos.database.museum/publication/10006803"">cumv fish type citations</a>",1
"holotype of <a href=""http://arctos.database.museum/name/retroculus boulengerii"">retroculus boulengerii</a> in <a href=""http://arctos.database.museum/publication/10006803"">cumv fish type citations</a>",1
"holotype of <a href=""http://arctos.database.museum/name/stomatorhinus ivindoensis"">stomatorhinus ivindoensis</a>, page 3 in <a href=""http://arctos.database.museum/publication/10006844"">sullivan & hopkins 2005</a>",1
"holotype of <a href=""http://arctos.database.museum/name/synodontis acanthoperca"">synodontis acanthoperca</a>, page 47 in <a href=""http://arctos.database.museum/publication/10006789"">friel and vigliotta 2006</a>",1
"holotype of <a href=""http://arctos.database.museum/name/synodontis woleuensis"">synodontis woleuensis</a>, page 4 in <a href=""http://arctos.database.museum/publication/10006797"">friel and sullivan 2008</a>",1
"holotype of cichlasoma tenue, page 94 in <a href=""http://arctos.database.museum/publication/10006905"">meek 1906</a>",1
"holotype of petrocephalus arnegardi, page 54 in <a href=""http://arctos.database.museum/publication/10006822"">lavoué & sullivan 2014</a>",1
"neotype of <a href=""http://arctos.database.museum/name/moxostoma anisurum"">moxostoma anisurum</a> in <a href=""http://arctos.database.museum/publication/10006803"">cumv fish type citations</a>",1
"neotype of <a href=""http://arctos.database.museum/name/moxostoma duquesnii"">moxostoma duquesnii</a> in <a href=""http://arctos.database.museum/publication/10006803"">cumv fish type citations</a>",1
"neotype of <a href=""http://arctos.database.museum/name/moxostoma erythrurum"">moxostoma erythrurum</a> in <a href=""http://arctos.database.museum/publication/10006803"">cumv fish type citations</a>",1
"paralectotype of <a href=""http://arctos.database.museum/name/cyprinella caerulea"">cyprinella caerulea</a> in <a href=""http://arctos.database.museum/publication/10006803"">cumv fish type citations</a>",1
"paralectotype of <a href=""http://arctos.database.museum/name/notropis chrosomus"">notropis chrosomus</a> in <a href=""http://arctos.database.museum/publication/10006803"">cumv fish type citations</a>",1
"paralectotype of <a href=""http://arctos.database.museum/name/percopsis transmontana"">percopsis transmontana</a> in <a href=""http://arctos.database.museum/publication/10006803"">cumv fish type citations</a>",1
"paratopotype of <a href=""http://arctos.database.museum/name/amphilius caudosignatus"">amphilius caudosignatus</a>, page 48 in <a href=""http://arctos.database.museum/publication/10006810"">skelton 2007</a>",1
"paratopotype of <a href=""http://arctos.database.museum/name/chiloglanis igamba"">chiloglanis igamba</a>, page 4 in <a href=""http://arctos.database.museum/publication/10006805"">friel and vigliotta 2011</a>",1
"paratopotype of <a href=""http://arctos.database.museum/name/chiloglanis kazumbei"">chiloglanis kazumbei</a>, page 9 in <a href=""http://arctos.database.museum/publication/10006805"">friel and vigliotta 2011</a>",1
"paratopotype of <a href=""http://arctos.database.museum/name/chiloglanis orthodontus"">chiloglanis orthodontus</a>, page 13 in <a href=""http://arctos.database.museum/publication/10006805"">friel and vigliotta 2011</a>",1
"paratopotype of <a href=""http://arctos.database.museum/name/cottus carolinae"">cottus carolinae infernatis</a> infernatis, page 377 in <a href=""http://arctos.database.museum/publication/10006908"">williams & robins 1970</a>",1
"paratopotype of <a href=""http://arctos.database.museum/name/cottus kanawhae"">cottus kanawhae</a>, page 2 in <a href=""http://arctos.database.museum/publication/10006910"">robins 2005</a>",1
"paratopotype of <a href=""http://arctos.database.museum/name/doumea gracila"">doumea gracila</a>, page 60 in <a href=""http://arctos.database.museum/publication/10006810"">skelton 2007</a>",1
"paratopotype of <a href=""http://arctos.database.museum/name/haplochromis vanheusdeni"">haplochromis vanheusdeni</a>, page 137 in <a href=""http://arctos.database.museum/publication/10006849"">schedel et al. 2014</a>",1
"paratopotype of <a href=""http://arctos.database.museum/name/hemigrammocharax rubensteini"">hemigrammocharax rubensteini</a>, page 31 in <a href=""http://arctos.database.museum/publication/10006798"">jerep and vari 2013</a>",1
"paratopotype of <a href=""http://arctos.database.museum/name/hylopanchax paucisquamatus"">hylopanchax paucisquamatus</a>, page 580 in <a href=""http://arctos.database.museum/publication/10007014"">sonnenberg et al. 2014</a>",1
"paratopotype of <a href=""http://arctos.database.museum/name/microsynodontis armatus"">microsynodontis armatus</a>, page 10 in <a href=""http://arctos.database.museum/publication/10006896"">ng 2004</a>",1
"paratopotype of <a href=""http://arctos.database.museum/name/microsynodontis emarginatus"">microsynodontis emarginatus</a>, page 15 in <a href=""http://arctos.database.museum/publication/10006896"">ng 2004</a>",1
"paratopotype of <a href=""http://arctos.database.museum/name/microsynodontis hirsutus"">microsynodontis hirsutus</a>, page 21 in <a href=""http://arctos.database.museum/publication/10006896"">ng 2004</a>",1
"paratopotype of <a href=""http://arctos.database.museum/name/microsynodontis laevigatus"">microsynodontis laevigatus</a>, page 25 in <a href=""http://arctos.database.museum/publication/10006896"">ng 2004</a>",1
"paratopotype of <a href=""http://arctos.database.museum/name/microsynodontis nasutus"">microsynodontis nasutus</a>, page 32 in <a href=""http://arctos.database.museum/publication/10006896"">ng 2004</a>",1
"paratopotype of <a href=""http://arctos.database.museum/name/microsynodontis vigilis"">microsynodontis vigilis</a>, page 41 in <a href=""http://arctos.database.museum/publication/10006896"">ng 2004</a>",1
"paratopotype of <a href=""http://arctos.database.museum/name/nannocharax hastatus"">nannocharax hastatus</a>, page 45 in <a href=""http://arctos.database.museum/publication/10006912"">jerep and vari 2014</a>",1
"paratopotype of <a href=""http://arctos.database.museum/name/otopharynx pachycheilus"">otopharynx pachycheilus</a>, page 708 in <a href=""http://arctos.database.museum/publication/10006843"">arnegard & snoeks 2001</a>",1
"paratopotype of <a href=""http://arctos.database.museum/name/paraqianlabeo lineatus"">paraqianlabeo lineatus</a>, page 261 in <a href=""http://arctos.database.museum/publication/10007011"">zhao et al. 2014</a>",1
"paratopotype of <a href=""http://arctos.database.museum/name/petrocephalus frieli"">petrocephalus frieli</a>, page 2170 in <a href=""http://arctos.database.museum/publication/10006781"">lavoué 2012</a>",1
"paratopotype of <a href=""http://arctos.database.museum/name/petrocephalus pulsivertens"">petrocephalus pulsivertens</a>, page 32 in <a href=""http://arctos.database.museum/publication/10006838"">lavoué et al 2010</a>",1
"paratopotype of <a href=""http://arctos.database.museum/name/petrocephalus valentini"">petrocephalus valentini</a>, page 13 in <a href=""http://arctos.database.museum/publication/10006838"">lavoué et al 2010</a>",1
"paratopotype of <a href=""http://arctos.database.museum/name/synodontis acanthoperca"">synodontis acanthoperca</a>, page 47 in <a href=""http://arctos.database.museum/publication/10006789"">friel and vigliotta 2006</a>",1
"paratopotype of <a href=""http://arctos.database.museum/name/synodontis woleuensis"">synodontis woleuensis</a>, page 4 in <a href=""http://arctos.database.museum/publication/10006797"">friel and sullivan 2008</a>",1
"paratype of <a href=""http://arctos.database.museum/name/alepisaurus brevirostris"">alepisaurus brevirostris</a>, page 2 in <a href=""http://arctos.database.museum/publication/10006808"">gibbs 1960</a>",1
"paratype of <a href=""http://arctos.database.museum/name/alestopetersius conspectus"">alestopetersius conspectus</a>, page 64 in <a href=""http://arctos.database.museum/publication/10006809"">mbimbi mayi munene & stiassny</a>",1
"paratype of <a href=""http://arctos.database.museum/name/amphilius lujani"">amphilius lujani</a>, page 81 in <a href=""http://arctos.database.museum/publication/10007185"">thomson et al. zootaxa  3986 (1) </a>",1
"paratype of <a href=""http://arctos.database.museum/name/amphilius pedunculus"">amphilius pedunculus</a>, page 70 in <a href=""http://arctos.database.museum/publication/10007185"">thomson et al. zootaxa  3986 (1) </a>",1
"paratype of <a href=""http://arctos.database.museum/name/amphilius ruziziensis"">amphilius ruziziensis</a>, page 68 in <a href=""http://arctos.database.museum/publication/10007185"">thomson et al. zootaxa  3986 (1) </a>",1
"paratype of <a href=""http://arctos.database.museum/name/antigonia combatia"">antigonia combatia</a>, page 255 in <a href=""http://arctos.database.museum/publication/10006811"">berry & rathjen 1959</a>",1
"paratype of <a href=""http://arctos.database.museum/name/bathyaethiops atercrinis"">bathyaethiops atercrinis</a>, page 480 in <a href=""http://arctos.database.museum/publication/10006780"">mamonekene and stiassny 2012</a>",1
"paratype of <a href=""http://arctos.database.museum/name/bellator ribeiroi"">bellator ribeiroi</a>, page 259 in <a href=""http://arctos.database.museum/publication/10006812"">miller 1965</a>",1
"paratype of <a href=""http://arctos.database.museum/name/bembrops ocellatus"">bembrops ocellatus</a>, page 973 in <a href=""http://arctos.database.museum/publication/10006813"">thompson & suttkus 1998</a>",1
"paratype of <a href=""http://arctos.database.museum/name/bembrops raneyi"">bembrops raneyi</a>, page 979 in <a href=""http://arctos.database.museum/publication/10006813"">thompson & suttkus 1998</a>",1
"paratype of <a href=""http://arctos.database.museum/name/brachyhypopomus pinnicaudatus"">brachyhypopomus pinnicaudatus</a>, page 153 in <a href=""http://arctos.database.museum/publication/10006816"">hopkins 1991</a>",1
"paratype of <a href=""http://arctos.database.museum/name/brachyhypopomus"">brachyhypopomus bennetti</a> bennetti, page 15 in <a href=""http://arctos.database.museum/publication/10006775"">sullivan et al. 2013</a>",1
"paratype of <a href=""http://arctos.database.museum/name/calamus nodosus"">calamus nodosus</a>, page 36 in <a href=""http://arctos.database.museum/publication/10006836"">randall & caldwell 1966</a>",1
"paratype of <a href=""http://arctos.database.museum/name/campostoma pauciradii"">campostoma pauciradii</a>, page 108 in <a href=""http://arctos.database.museum/publication/10006837"">burr & cashner 1983</a>; paratype of <a href=""http://arctos.database.museum/name/campostoma pauciradii"">campostoma pauciradii</a>, page 108 in <a href=""http://arctos.database.museum/publication/10006837"">burr & cashner 1983</a>",1
"paratype of <a href=""http://arctos.database.museum/name/chiloglanis igamba"">chiloglanis igamba</a>, page 4 in <a href=""http://arctos.database.museum/publication/10006805"">friel and vigliotta 2011</a>",1
"paratype of <a href=""http://arctos.database.museum/name/chirostoma attenuatum"">chirostoma attenuatum</a> in <a href=""http://arctos.database.museum/publication/10006903"">meek 1902</a>",1
"paratype of <a href=""http://arctos.database.museum/name/chrysichthys praecox"">chrysichthys praecox</a> in <a href=""http://arctos.database.museum/publication/10006904"">hardman & stiassny 2008</a>",1
"paratype of <a href=""http://arctos.database.museum/name/clepticus africanus"">clepticus africanus</a> in <a href=""http://arctos.database.museum/publication/10006906"">heiser et al. 2000</a>",1
"paratype of <a href=""http://arctos.database.museum/name/congoglanis inga"">congoglanis inga</a>, page 485 in <a href=""http://arctos.database.museum/publication/10006787"">ferraris et al. 2011</a>",1
"paratype of <a href=""http://arctos.database.museum/name/cottus pygmaeus"">cottus pygmaeus</a> in <a href=""http://arctos.database.museum/publication/10006911"">williams 1968</a>",1
"paratype of <a href=""http://arctos.database.museum/name/cyprinella pyrrhomelas"">cyprinella pyrrhomelas</a> in <a href=""http://arctos.database.museum/publication/10006803"">cumv fish type citations</a>",1
"paratype of <a href=""http://arctos.database.museum/name/doumea skeltoni"">doumea skeltoni</a>, page 577 in <a href=""http://arctos.database.museum/publication/10006776"">ferraris and vari 2013</a>",1
"paratype of <a href=""http://arctos.database.museum/name/etheostoma bellator"">etheostoma bellator</a> in <a href=""http://arctos.database.museum/publication/10006803"">cumv fish type citations</a>",1
"paratype of <a href=""http://arctos.database.museum/name/etheostoma blennioides"">etheostoma blennioides</a> in <a href=""http://arctos.database.museum/publication/10006803"">cumv fish type citations</a>",1
"paratype of <a href=""http://arctos.database.museum/name/etheostoma brevirostrum"">etheostoma brevirostrum</a> in <a href=""http://arctos.database.museum/publication/10006803"">cumv fish type citations</a>",1
"paratype of <a href=""http://arctos.database.museum/name/etheostoma chermocki"">etheostoma chermocki</a> in <a href=""http://arctos.database.museum/publication/10006803"">cumv fish type citations</a>",1
"paratype of <a href=""http://arctos.database.museum/name/etheostoma colorosum"">etheostoma colorosum</a> in <a href=""http://arctos.database.museum/publication/10006803"">cumv fish type citations</a>",1
"paratype of <a href=""http://arctos.database.museum/name/etheostoma ditrema"">etheostoma ditrema</a> in <a href=""http://arctos.database.museum/publication/10006803"">cumv fish type citations</a>",1
"paratype of <a href=""http://arctos.database.museum/name/etheostoma etnieri"">etheostoma etnieri</a> in <a href=""http://arctos.database.museum/publication/10006803"">cumv fish type citations</a>",1
"paratype of <a href=""http://arctos.database.museum/name/etheostoma flavum"">etheostoma flavum</a> in <a href=""http://arctos.database.museum/publication/10006803"">cumv fish type citations</a>",1
"paratype of <a href=""http://arctos.database.museum/name/etheostoma fusiforme"">etheostoma fusiforme</a> in <a href=""http://arctos.database.museum/publication/10006803"">cumv fish type citations</a>",1
"paratype of <a href=""http://arctos.database.museum/name/etheostoma lachneri"">etheostoma lachneri</a> in <a href=""http://arctos.database.museum/publication/10006803"">cumv fish type citations</a>",1
"paratype of <a href=""http://arctos.database.museum/name/etheostoma microlepidum"">etheostoma microlepidum</a> in <a href=""http://arctos.database.museum/publication/10006803"">cumv fish type citations</a>",1
"paratype of <a href=""http://arctos.database.museum/name/etheostoma moorei"">etheostoma moorei</a> in <a href=""http://arctos.database.museum/publication/10006803"">cumv fish type citations</a>",1
"paratype of <a href=""http://arctos.database.museum/name/etheostoma pallididorsum"">etheostoma pallididorsum</a> in <a href=""http://arctos.database.museum/publication/10006803"">cumv fish type citations</a>",1
"paratype of <a href=""http://arctos.database.museum/name/etheostoma ramseyi"">etheostoma ramseyi</a> in <a href=""http://arctos.database.museum/publication/10006803"">cumv fish type citations</a>",1
"paratype of <a href=""http://arctos.database.museum/name/etheostoma rupestre"">etheostoma rupestre</a> in <a href=""http://arctos.database.museum/publication/10006803"">cumv fish type citations</a>",1
"paratype of <a href=""http://arctos.database.museum/name/etheostoma tallapoosae"">etheostoma tallapoosae</a> in <a href=""http://arctos.database.museum/publication/10006803"">cumv fish type citations</a>",1
"paratype of <a href=""http://arctos.database.museum/name/etheostoma thompsoni"">etheostoma thompsoni</a> in <a href=""http://arctos.database.museum/publication/10006803"">cumv fish type citations</a>",1
"paratype of <a href=""http://arctos.database.museum/name/etheostoma wapiti"">etheostoma wapiti</a> in <a href=""http://arctos.database.museum/publication/10006803"">cumv fish type citations</a>",1
"paratype of <a href=""http://arctos.database.museum/name/etheostoma"">etheostoma sp.</a> sp. in <a href=""http://arctos.database.museum/publication/10006803"">cumv fish type citations</a>; paratype of <a href=""http://arctos.database.museum/name/etheostoma pyrrhogaster"">etheostoma pyrrhogaster</a> in <a href=""http://arctos.database.museum/publication/10006803"">cumv fish type citations</a>",1
"paratype of <a href=""http://arctos.database.museum/name/etheostoma"">etheostoma sp.</a> sp. in <a href=""http://arctos.database.museum/publication/10006803"">cumv fish type citations</a>; paratype of <a href=""http://arctos.database.museum/name/etheostoma zonistium"">etheostoma zonistium</a> in <a href=""http://arctos.database.museum/publication/10006803"">cumv fish type citations</a>",1
"paratype of <a href=""http://arctos.database.museum/name/etsaputu relictum"">etsaputu relictum</a>, page 498 in <a href=""http://arctos.database.museum/publication/10006915"">lujan et al. 2011</a>",1
"paratype of <a href=""http://arctos.database.museum/name/fundulus waccamensis"">fundulus waccamensis</a> in <a href=""http://arctos.database.museum/publication/10006803"">cumv fish type citations</a>",1
"paratype of <a href=""http://arctos.database.museum/name/girardinichthys multiradiatus"">girardinichthys multiradiatus</a>, page 119 in <a href=""http://arctos.database.museum/publication/10006918"">meek 1904</a>",1
"paratype of <a href=""http://arctos.database.museum/name/hemiancistrus guahiborum"">hemiancistrus guahiborum</a>, page 544 in <a href=""http://arctos.database.museum/publication/10006916"">werneke et al. 2005</a>",1
"paratype of <a href=""http://arctos.database.museum/name/hemiscyllium michaeli"">hemiscyllium michaeli</a> in <a href=""http://arctos.database.museum/publication/10006919"">allen & dudgeon 2010</a>",1
"paratype of <a href=""http://arctos.database.museum/name/hippopotamyrus"">hippopotamyrus sp.</a> sp. in <a href=""http://arctos.database.museum/publication/10006803"">cumv fish type citations</a>; paratype of <a href=""http://arctos.database.museum/name/paramormyrops"">paramormyrops magnostipes</a> magnostipes in <a href=""http://arctos.database.museum/publication/10006803"">cumv fish type citations</a>",1
"paratype of <a href=""http://arctos.database.museum/name/hybognathus hankinsoni"">hybognathus hankinsoni</a> in <a href=""http://arctos.database.museum/publication/10006803"">cumv fish type citations</a>",1
"paratype of <a href=""http://arctos.database.museum/name/ictalurus serracanthus"">ictalurus serracanthus</a> in <a href=""http://arctos.database.museum/publication/10006803"">cumv fish type citations</a>",1
"paratype of <a href=""http://arctos.database.museum/name/megalonema amaxanthum"">megalonema amaxanthum</a> in <a href=""http://arctos.database.museum/publication/10006803"">cumv fish type citations</a>",1
"paratype of <a href=""http://arctos.database.museum/name/menidia extensa"">menidia extensa</a> in <a href=""http://arctos.database.museum/publication/10006803"">cumv fish type citations</a>",1
"paratype of <a href=""http://arctos.database.museum/name/micralestes schelly"">micralestes schelly</a>, page 21 in <a href=""http://arctos.database.museum/publication/10006894"">stiassny & mamonekene 2007</a>",1
"paratype of <a href=""http://arctos.database.museum/name/micropterus cataractae"">micropterus cataractae</a> in <a href=""http://arctos.database.museum/publication/10006803"">cumv fish type citations</a>",1
"paratype of <a href=""http://arctos.database.museum/name/micropterus pseudaplites"">micropterus pseudaplites</a> in <a href=""http://arctos.database.museum/publication/10006803"">cumv fish type citations</a>",1
"paratype of <a href=""http://arctos.database.museum/name/moxostoma grammarion"">moxostoma grammarion</a> in <a href=""http://arctos.database.museum/publication/10006803"">cumv fish type citations</a>",1
"paratype of <a href=""http://arctos.database.museum/name/nannocharax"">nannocharax dageti</a> dageti, page 362 in <a href=""http://arctos.database.museum/publication/10006850"">jerep et al. 2014</a>",1
"paratype of <a href=""http://arctos.database.museum/name/nannocharax"">nannocharax dageti</a> dageti, page 363 in <a href=""http://arctos.database.museum/publication/10006850"">jerep et al. 2014</a>",1
"paratype of <a href=""http://arctos.database.museum/name/notropis altipinnis chowanus"">notropis altipinnis chowanus</a> in <a href=""http://arctos.database.museum/publication/10006803"">cumv fish type citations</a>",1
"paratype of <a href=""http://arctos.database.museum/name/notropis altipinnis wrighti"">notropis altipinnis wrighti</a> in <a href=""http://arctos.database.museum/publication/10006803"">cumv fish type citations</a>",1
"paratype of <a href=""http://arctos.database.museum/name/notropis ammophilus"">notropis ammophilus</a> in <a href=""http://arctos.database.museum/publication/10006803"">cumv fish type citations</a>",1
"paratype of <a href=""http://arctos.database.museum/name/notropis bellus alegnotus"">notropis bellus alegnotus</a> in <a href=""http://arctos.database.museum/publication/10006803"">cumv fish type citations</a>",1
"paratype of <a href=""http://arctos.database.museum/name/notropis cummingsae"">notropis cummingsae</a> in <a href=""http://arctos.database.museum/publication/10006803"">cumv fish type citations</a>",1
"paratype of <a href=""http://arctos.database.museum/name/notropis edwardraneyi"">notropis edwardraneyi</a> in <a href=""http://arctos.database.museum/publication/10006803"">cumv fish type citations</a>",1
"paratype of <a href=""http://arctos.database.museum/name/notropis gibbsi"">notropis gibbsi</a> in <a href=""http://arctos.database.museum/publication/10006803"">cumv fish type citations</a>",1
"paratype of <a href=""http://arctos.database.museum/name/notropis lineapunctata"">notropis lineapunctata</a> in <a href=""http://arctos.database.museum/publication/10006803"">cumv fish type citations</a>",1
"paratype of <a href=""http://arctos.database.museum/name/notropis mandibularis"">notropis mandibularis</a> in <a href=""http://arctos.database.museum/publication/10006803"">cumv fish type citations</a>",1
"paratype of <a href=""http://arctos.database.museum/name/notropis mekistocholas"">notropis mekistocholas</a> in <a href=""http://arctos.database.museum/publication/10006803"">cumv fish type citations</a>",1
"paratype of <a href=""http://arctos.database.museum/name/notropis rafinesquei"">notropis rafinesquei</a> in <a href=""http://arctos.database.museum/publication/10006803"">cumv fish type citations</a>",1
"paratype of <a href=""http://arctos.database.museum/name/notropis suttkusi"">notropis suttkusi</a> in <a href=""http://arctos.database.museum/publication/10006803"">cumv fish type citations</a>",1
"paratype of <a href=""http://arctos.database.museum/name/notropis"">notropis sp.</a> sp. in <a href=""http://arctos.database.museum/publication/10006803"">cumv fish type citations</a>",1
"paratype of <a href=""http://arctos.database.museum/name/noturus gladiator"">noturus gladiator</a> in <a href=""http://arctos.database.museum/publication/10006803"">cumv fish type citations</a>",1
"paratype of <a href=""http://arctos.database.museum/name/noturus munitus"">noturus munitus</a> in <a href=""http://arctos.database.museum/publication/10006803"">cumv fish type citations</a>",1
"paratype of <a href=""http://arctos.database.museum/name/noturus taylori"">noturus taylori</a> in <a href=""http://arctos.database.museum/publication/10006803"">cumv fish type citations</a>",1
"paratype of <a href=""http://arctos.database.museum/name/parananochromis axelrodi"">parananochromis axelrodi</a>, page 3 in <a href=""http://arctos.database.museum/publication/10006842"">lamboj & stiassny 2003</a>",1
"paratype of <a href=""http://arctos.database.museum/name/parananochromis brevirostris"">parananochromis brevirostris</a>, page 8 in <a href=""http://arctos.database.museum/publication/10006842"">lamboj & stiassny 2003</a>",1
"paratype of <a href=""http://arctos.database.museum/name/parananochromis ornatus"">parananochromis ornatus</a>, page 13 in <a href=""http://arctos.database.museum/publication/10006842"">lamboj & stiassny 2003</a>",1
"paratype of <a href=""http://arctos.database.museum/name/percina aurolineata"">percina aurolineata</a> in <a href=""http://arctos.database.museum/publication/10006803"">cumv fish type citations</a>",1
"paratype of <a href=""http://arctos.database.museum/name/percina aurora"">percina aurora</a> in <a href=""http://arctos.database.museum/publication/10006803"">cumv fish type citations</a>",1
"paratype of <a href=""http://arctos.database.museum/name/percina brevicauda"">percina brevicauda</a> in <a href=""http://arctos.database.museum/publication/10006803"">cumv fish type citations</a>",1
"paratype of <a href=""http://arctos.database.museum/name/percina crypta"">percina crypta</a> in <a href=""http://arctos.database.museum/publication/10006803"">cumv fish type citations</a>",1
"paratype of <a href=""http://arctos.database.museum/name/percina frenigera"">percina frenigera</a> in <a href=""http://arctos.database.museum/publication/10006803"">cumv fish type citations</a>",1
"paratype of <a href=""http://arctos.database.museum/name/percina jenkinsi"">percina jenkinsi</a> in <a href=""http://arctos.database.museum/publication/10006803"">cumv fish type citations</a>",1
"paratype of <a href=""http://arctos.database.museum/name/percina kusha"">percina kusha</a> in <a href=""http://arctos.database.museum/publication/10006803"">cumv fish type citations</a>",1
"paratype of <a href=""http://arctos.database.museum/name/percina nigrofasciata"">percina nigrofasciata</a> in <a href=""http://arctos.database.museum/publication/10006803"">cumv fish type citations</a>",1
"paratype of <a href=""http://arctos.database.museum/name/percina sipsi"">percina sipsi</a> in <a href=""http://arctos.database.museum/publication/10006803"">cumv fish type citations</a>",1
"paratype of <a href=""http://arctos.database.museum/name/percina suttkusi"">percina suttkusi</a> in <a href=""http://arctos.database.museum/publication/10006803"">cumv fish type citations</a>",1
"paratype of <a href=""http://arctos.database.museum/name/percina tanasi"">percina tanasi</a> in <a href=""http://arctos.database.museum/publication/10006803"">cumv fish type citations</a>",1
"paratype of <a href=""http://arctos.database.museum/name/peristedion greyae"">peristedion greyae</a> in <a href=""http://arctos.database.museum/publication/10006803"">cumv fish type citations</a>",1
"paratype of <a href=""http://arctos.database.museum/name/petrocephalus leo"">petrocephalus leo</a> in <a href=""http://arctos.database.museum/publication/10006803"">cumv fish type citations</a>",1
"paratype of <a href=""http://arctos.database.museum/name/petrocephalus"">petrocephalus arnegardi</a> arnegardi, page 54 in <a href=""http://arctos.database.museum/publication/10006822"">lavoué & sullivan 2014</a>",1
"paratype of <a href=""http://arctos.database.museum/name/petrocephalus"">petrocephalus</a> in <a href=""http://arctos.database.museum/publication/10006803"">cumv fish type citations</a>",1
"paratype of <a href=""http://arctos.database.museum/name/phoxinus"">phoxinus sp.</a> sp. in <a href=""http://arctos.database.museum/publication/10006803"">cumv fish type citations</a>; paratype of <a href=""http://arctos.database.museum/name/phoxinus saylori"">phoxinus saylori</a> in <a href=""http://arctos.database.museum/publication/10006803"">cumv fish type citations</a>",1
"paratype of <a href=""http://arctos.database.museum/name/poecilichthys wrighti"">poecilichthys wrighti</a> in <a href=""http://arctos.database.museum/publication/10006803"">cumv fish type citations</a>; paratype of <a href=""http://arctos.database.museum/name/poecilichthys kanawhae"">poecilichthys kanawhae</a> in <a href=""http://arctos.database.museum/publication/10006803"">cumv fish type citations</a>",1
"paratype of <a href=""http://arctos.database.museum/name/pseudobunocephalus lundbergi"">pseudobunocephalus lundbergi</a> in <a href=""http://arctos.database.museum/publication/10006803"">cumv fish type citations</a>",1
"paratype of <a href=""http://arctos.database.museum/name/rocio octofasciata"">rocio octofasciata</a> in <a href=""http://arctos.database.museum/publication/10006803"">cumv fish type citations</a>",1
"paratype of <a href=""http://arctos.database.museum/name/romanogobio banaticus"">romanogobio banaticus</a> in <a href=""http://arctos.database.museum/publication/10006803"">cumv fish type citations</a>",1
"paratype of <a href=""http://arctos.database.museum/name/romanogobio uranoscopus"">romanogobio uranoscopus</a> in <a href=""http://arctos.database.museum/publication/10006803"">cumv fish type citations</a>",1
"paratype of <a href=""http://arctos.database.museum/name/semotilus lumbee"">semotilus lumbee</a> in <a href=""http://arctos.database.museum/publication/10006803"">cumv fish type citations</a>",1
"paratype of <a href=""http://arctos.database.museum/name/sternarchella calhamazon"">sternarchella calhamazon</a>, page 160 in <a href=""http://arctos.database.museum/publication/10006778"">lundberg et al. 2013</a>",1
"paratype of <a href=""http://arctos.database.museum/name/stomatorhinus ivindoensis"">stomatorhinus ivindoensis</a>, page 3 in <a href=""http://arctos.database.museum/publication/10006844"">sullivan & hopkins 2005</a>",1
"paratype of <a href=""http://arctos.database.museum/name/symphysanodon berryi"">symphysanodon berryi</a> in <a href=""http://arctos.database.museum/publication/10006803"">cumv fish type citations</a>",1
"paratype of <a href=""http://arctos.database.museum/name/synodontis acanthoperca"">synodontis acanthoperca</a>, page 47 in <a href=""http://arctos.database.museum/publication/10006789"">friel and vigliotta 2006</a>",1
"paratype of catostomus syncheilus palouseanus, page 71 in <a href=""http://arctos.database.museum/publication/10006902"">schultz & thompson 1936</a>",1
"paratype of petrocephalus arnegardi, page 54 in <a href=""http://arctos.database.museum/publication/10006822"">lavoué & sullivan 2014</a>",1
"syntype of <a href=""http://arctos.database.museum/name/abeona aurora"">abeona aurora</a>, page 229 in <a href=""http://arctos.database.museum/publication/10006807"">jordan & gilbert 1880</a>",1
"syntype of <a href=""http://arctos.database.museum/name/hassar wilderi"">hassar wilderi</a>, page 252 in <a href=""http://arctos.database.museum/publication/10006819"">kindle 1895</a>; paralectotype of <a href=""http://arctos.database.museum/name/hassar wilderi"">hassar wilderi</a>, page 148 in <a href=""http://arctos.database.museum/publication/10006818"">pérez and birindelli 2013</a>",1
"syntype of <a href=""http://arctos.database.museum/name/nototropis nazas"">nototropis nazas</a> in <a href=""http://arctos.database.museum/publication/10006803"">cumv fish type citations</a>",1
"syntype of <a href=""http://arctos.database.museum/name/notropis scopiferus"">notropis scopiferus</a> in <a href=""http://arctos.database.museum/publication/10006803"">cumv fish type citations</a>",1
"syntype of <a href=""http://arctos.database.museum/name/phenacobius catostomus"">phenacobius catostomus</a> in <a href=""http://arctos.database.museum/publication/10006803"">cumv fish type citations</a>",1
"syntype of <a href=""http://arctos.database.museum/name/salvelinus marstoni"">salvelinus marstoni</a> in <a href=""http://arctos.database.museum/publication/10006803"">cumv fish type citations</a>",1
"syntype of <a href=""http://arctos.database.museum/name/thalassophryne dowi"">thalassophryne dowi</a> in <a href=""http://arctos.database.museum/publication/10006803"">cumv fish type citations</a>; syntype of <a href=""http://arctos.database.museum/name/thalassophryne dowi"">thalassophryne dowi</a> in <a href=""http://arctos.database.museum/publication/10006803"">cumv fish type citations</a>",1
"voucher of <a href=""http://arctos.database.museum/name/altolamprologus compressiceps"">altolamprologus compressiceps</a> in <a href=""http://arctos.database.museum/publication/10006793"">cooper et al. 2010</a>; voucher of <a href=""http://arctos.database.museum/name/altolamprologus compressiceps"">altolamprologus compressiceps</a>, page 2 in <a href=""http://arctos.database.museum/publication/10006794"">parsons et al. 2011</a>",1
"voucher of <a href=""http://arctos.database.museum/name/bathybates fasciatus"">bathybates fasciatus</a> in <a href=""http://arctos.database.museum/publication/10006793"">cooper et al. 2010</a>; voucher of <a href=""http://arctos.database.museum/name/bathybates fasciatus"">bathybates fasciatus</a>, page 2 in <a href=""http://arctos.database.museum/publication/10006794"">parsons et al. 2011</a>",1
"voucher of <a href=""http://arctos.database.museum/name/boulengeromyrus knoepffleri"">boulengeromyrus knoepffleri</a>, page 131 in <a href=""http://arctos.database.museum/publication/10007298"">sullivan et al. 2016</a>",1
"voucher of <a href=""http://arctos.database.museum/name/boulengeromyrus knoepffleri"">boulengeromyrus knoepffleri</a>, page 666 in <a href=""http://arctos.database.museum/publication/10006828"">sullivan et al. 2000</a>",1
"voucher of <a href=""http://arctos.database.museum/name/brienomyrus brachyistius"">brienomyrus brachyistius</a>, page 666 in <a href=""http://arctos.database.museum/publication/10006828"">sullivan et al. 2000</a>",1
"voucher of <a href=""http://arctos.database.museum/name/campostoma pauciradii"">campostoma pauciradii</a>, page 108 in <a href=""http://arctos.database.museum/publication/10006837"">burr & cashner 1983</a>",1
"voucher of <a href=""http://arctos.database.museum/name/campylomormyrus tamandua"">campylomormyrus tamandua</a>, page 666 in <a href=""http://arctos.database.museum/publication/10006828"">sullivan et al. 2000</a>",1
"voucher of <a href=""http://arctos.database.museum/name/chalinochromis brichardi"">chalinochromis brichardi</a>, page 2 in <a href=""http://arctos.database.museum/publication/10006794"">parsons et al. 2011</a>; voucher of <a href=""http://arctos.database.museum/name/chalinochromis brichardi"">chalinochromis brichardi</a> in <a href=""http://arctos.database.museum/publication/10006793"">cooper et al. 2010</a>",1
"voucher of <a href=""http://arctos.database.museum/name/chanos chanos"">chanos chanos</a>, page 298 in <a href=""http://arctos.database.museum/publication/10007015"">near et al. 2014</a>",1
"voucher of <a href=""http://arctos.database.museum/name/chiloglanis asymetricaudalis"">chiloglanis asymetricaudalis</a>, page 356 in <a href=""http://arctos.database.museum/publication/10006835"">day et al. 2013</a>",1
"voucher of <a href=""http://arctos.database.museum/name/chiloglanis"">chiloglanis kalungwishi</a> kalungwishi, page 125 in <a href=""http://arctos.database.museum/publication/10006795"">vigliotta 2008</a>",1
"voucher of <a href=""http://arctos.database.museum/name/chiloglanis"">chiloglanis</a>, page 4 in <a href=""http://arctos.database.museum/publication/10006786"">conway et al. 2012</a>",1
"voucher of <a href=""http://arctos.database.museum/name/chitala ornata"">chitala ornata</a>, page 667 in <a href=""http://arctos.database.museum/publication/10006828"">sullivan et al. 2000</a>",1
"voucher of <a href=""http://arctos.database.museum/name/chrysichthys acsiorum"">chrysichthys acsiorum</a>, page 123 in <a href=""http://arctos.database.museum/publication/10006821"">peart et al. 2014</a>",1
"voucher of <a href=""http://arctos.database.museum/name/chrysichthys grandis"">chrysichthys grandis</a>, page 123 in <a href=""http://arctos.database.museum/publication/10006821"">peart et al. 2014</a>",1
"voucher of <a href=""http://arctos.database.museum/name/chrysichthys graueri"">chrysichthys graueri</a>, page 123 in <a href=""http://arctos.database.museum/publication/10006821"">peart et al. 2014</a>",1
"voucher of <a href=""http://arctos.database.museum/name/cromeria nilotica"">cromeria nilotica</a>, page 298 in <a href=""http://arctos.database.museum/publication/10007015"">near et al. 2014</a>",1
"voucher of <a href=""http://arctos.database.museum/name/cryptomyrus ona"">cryptomyrus ona</a>, page 137 in <a href=""http://arctos.database.museum/publication/10007298"">sullivan et al. 2016</a>",1
"voucher of <a href=""http://arctos.database.museum/name/cyathopharynx furcifer"">cyathopharynx furcifer</a>, page 2 in <a href=""http://arctos.database.museum/publication/10006794"">parsons et al. 2011</a>; voucher of <a href=""http://arctos.database.museum/name/cyathopharynx furcifer"">cyathopharynx furcifer</a> in <a href=""http://arctos.database.museum/publication/10006793"">cooper et al. 2010</a>",1
"voucher of <a href=""http://arctos.database.museum/name/cyphomyrus discorhynchus"">cyphomyrus discorhynchus</a>, page 666 in <a href=""http://arctos.database.museum/publication/10006828"">sullivan et al. 2000</a>",1
"voucher of <a href=""http://arctos.database.museum/name/cyphotilapia frontosa"">cyphotilapia frontosa</a>, page 2 in <a href=""http://arctos.database.museum/publication/10006794"">parsons et al. 2011</a>; voucher of <a href=""http://arctos.database.museum/name/cyphotilapia frontosa"">cyphotilapia frontosa</a> in <a href=""http://arctos.database.museum/publication/10006793"">cooper et al. 2010</a>",1
"voucher of <a href=""http://arctos.database.museum/name/cyprichromis leptosoma"">cyprichromis leptosoma</a>, page 2 in <a href=""http://arctos.database.museum/publication/10006794"">parsons et al. 2011</a>; voucher of <a href=""http://arctos.database.museum/name/cyprichromis leptosoma"">cyprichromis leptosoma</a> in <a href=""http://arctos.database.museum/publication/10006793"">cooper et al. 2010</a>",1
"voucher of <a href=""http://arctos.database.museum/name/distichodus antonii"">distichodus antonii</a> in <a href=""http://arctos.database.museum/publication/10006806"">arroyave et al. 2013</a>",1
"voucher of <a href=""http://arctos.database.museum/name/distichodus petersii"">distichodus petersii</a> in <a href=""http://arctos.database.museum/publication/10006806"">arroyave et al. 2013</a>",1
"voucher of <a href=""http://arctos.database.museum/name/etheostoma sellare"">etheostoma sellare</a>, page 544 in <a href=""http://arctos.database.museum/publication/10007068"">stephens et al. 2014</a>",1
"voucher of <a href=""http://arctos.database.museum/name/euchilichthys royauxi"">euchilichthys royauxi</a>, page 4 in <a href=""http://arctos.database.museum/publication/10006786"">conway et al. 2012</a>",1
"voucher of <a href=""http://arctos.database.museum/name/gnathochromis pfefferi"">gnathochromis pfefferi</a> in <a href=""http://arctos.database.museum/publication/10006793"">cooper et al. 2010</a>; voucher of <a href=""http://arctos.database.museum/name/gnathochromis pfefferi"">gnathochromis pfefferi</a>, page 2 in <a href=""http://arctos.database.museum/publication/10006794"">parsons et al. 2011</a>",1
"voucher of <a href=""http://arctos.database.museum/name/gymnarchus niloticus"">gymnarchus niloticus</a>, page 667 in <a href=""http://arctos.database.museum/publication/10006828"">sullivan et al. 2000</a>",1
"voucher of <a href=""http://arctos.database.museum/name/haplotaxodon microlepis"">haplotaxodon microlepis</a>, page 2 in <a href=""http://arctos.database.museum/publication/10006794"">parsons et al. 2011</a>; voucher of <a href=""http://arctos.database.museum/name/haplotaxodon microlepis"">haplotaxodon microlepis</a> in <a href=""http://arctos.database.museum/publication/10006793"">cooper et al. 2010</a>",1
"voucher of <a href=""http://arctos.database.museum/name/isichthys henryi"">isichthys henryi</a>, page 666 in <a href=""http://arctos.database.museum/publication/10006828"">sullivan et al. 2000</a>",1
"voucher of <a href=""http://arctos.database.museum/name/ivindomyrus opdenboschi"">ivindomyrus opdenboschi</a>, page 666 in <a href=""http://arctos.database.museum/publication/10006828"">sullivan et al. 2000</a>",1
"voucher of <a href=""http://arctos.database.museum/name/julidochromis marlieri"">julidochromis marlieri</a> in <a href=""http://arctos.database.museum/publication/10006793"">cooper et al. 2010</a>; voucher of <a href=""http://arctos.database.museum/name/julidochromis marlieri"">julidochromis marlieri</a>, page 2 in <a href=""http://arctos.database.museum/publication/10006794"">parsons et al. 2011</a>",1
"voucher of <a href=""http://arctos.database.museum/name/kneria paucisquamata"">kneria paucisquamata</a>, page 3 in <a href=""http://arctos.database.museum/publication/10006786"">conway et al. 2012</a>",1
"voucher of <a href=""http://arctos.database.museum/name/kneria ruaha"">kneria ruaha</a>, page 298 in <a href=""http://arctos.database.museum/publication/10007015"">near et al. 2014</a>",1
"voucher of <a href=""http://arctos.database.museum/name/lampris guttatus"">lampris guttatus</a> in <a href=""http://arctos.database.museum/publication/10006864"">hyde et al. 2014</a>",1
"voucher of <a href=""http://arctos.database.museum/name/lamprologus callipterus"">lamprologus callipterus</a> in <a href=""http://arctos.database.museum/publication/10006793"">cooper et al. 2010</a>; voucher of <a href=""http://arctos.database.museum/name/lamprologus callipterus"">lamprologus callipterus</a>, page 2 in <a href=""http://arctos.database.museum/publication/10006794"">parsons et al. 2011</a>",1
"voucher of <a href=""http://arctos.database.museum/name/lamprologus lemairii"">lamprologus lemairii</a> in <a href=""http://arctos.database.museum/publication/10006848"">wagner et al. 2012</a>",1
"voucher of <a href=""http://arctos.database.museum/name/lepidiolamprologus elongatus"">lepidiolamprologus elongatus</a>, page 2 in <a href=""http://arctos.database.museum/publication/10006794"">parsons et al. 2011</a>; voucher of <a href=""http://arctos.database.museum/name/lepidiolamprologus elongatus"">lepidiolamprologus elongatus</a> in <a href=""http://arctos.database.museum/publication/10006793"">cooper et al. 2010</a>",1
"voucher of <a href=""http://arctos.database.museum/name/limnotilapia dardenii"">limnotilapia dardenii</a> in <a href=""http://arctos.database.museum/publication/10006793"">cooper et al. 2010</a>; voucher of <a href=""http://arctos.database.museum/name/limnotilapia dardenii"">limnotilapia dardenii</a>, page 2 in <a href=""http://arctos.database.museum/publication/10006794"">parsons et al. 2011</a>",1
"voucher of <a href=""http://arctos.database.museum/name/lobochilotes labiatus"">lobochilotes labiatus</a> in <a href=""http://arctos.database.museum/publication/10006793"">cooper et al. 2010</a>; voucher of <a href=""http://arctos.database.museum/name/lobochilotes labiatus"">lobochilotes labiatus</a>, page 2 in <a href=""http://arctos.database.museum/publication/10006794"">parsons et al. 2011</a>",1
"voucher of <a href=""http://arctos.database.museum/name/marcusenius moorii"">marcusenius moorii</a>, page 666 in <a href=""http://arctos.database.museum/publication/10006828"">sullivan et al. 2000</a>",1
"voucher of <a href=""http://arctos.database.museum/name/marcusenius ntemensis"">marcusenius ntemensis</a>, page 666 in <a href=""http://arctos.database.museum/publication/10006828"">sullivan et al. 2000</a>",1
"voucher of <a href=""http://arctos.database.museum/name/mormyrops nigricans"">mormyrops nigricans</a>, page 666 in <a href=""http://arctos.database.museum/publication/10006828"">sullivan et al. 2000</a>",1
"voucher of <a href=""http://arctos.database.museum/name/mormyrops zanclirostris"">mormyrops zanclirostris</a>, page 666 in <a href=""http://arctos.database.museum/publication/10006828"">sullivan et al. 2000</a>",1
"voucher of <a href=""http://arctos.database.museum/name/nannocharax elongatus"">nannocharax elongatus</a>, page 367 in <a href=""http://arctos.database.museum/publication/10006850"">jerep et al. 2014</a>",1
"voucher of <a href=""http://arctos.database.museum/name/nannocharax hollyi"">nannocharax hollyi</a> in <a href=""http://arctos.database.museum/publication/10006806"">arroyave et al. 2013</a>",1
"voucher of <a href=""http://arctos.database.museum/name/nannocharax occidentalis"">nannocharax occidentalis</a>, page 368 in <a href=""http://arctos.database.museum/publication/10006850"">jerep et al. 2014</a>",1
"voucher of <a href=""http://arctos.database.museum/name/neolamprologus furcifer"">neolamprologus furcifer</a> in <a href=""http://arctos.database.museum/publication/10006793"">cooper et al. 2010</a>; voucher of <a href=""http://arctos.database.museum/name/neolamprologus furcifer"">neolamprologus furcifer</a>, page 2 in <a href=""http://arctos.database.museum/publication/10006794"">parsons et al. 2011</a>",1
"voucher of <a href=""http://arctos.database.museum/name/neolamprologus mondabu"">neolamprologus mondabu</a> in <a href=""http://arctos.database.museum/publication/10006848"">wagner et al. 2012</a>",1
"voucher of <a href=""http://arctos.database.museum/name/neolamprologus savoryi"">neolamprologus savoryi</a> in <a href=""http://arctos.database.museum/publication/10006848"">wagner et al. 2012</a>",1
"voucher of <a href=""http://arctos.database.museum/name/neolamprologus toae"">neolamprologus toae</a> in <a href=""http://arctos.database.museum/publication/10006848"">wagner et al. 2012</a>",1
"voucher of <a href=""http://arctos.database.museum/name/neolebias ansorgii"">neolebias ansorgii</a> in <a href=""http://arctos.database.museum/publication/10006806"">arroyave et al. 2013</a>",1
"voucher of <a href=""http://arctos.database.museum/name/notropis hypselopterus"">notropis hypselopterus</a> in <a href=""http://arctos.database.museum/publication/10006803"">cumv fish type citations</a>",1
"voucher of <a href=""http://arctos.database.museum/name/ophthalmotilapia ventralis"">ophthalmotilapia ventralis</a> in <a href=""http://arctos.database.museum/publication/10006793"">cooper et al. 2010</a>; voucher of <a href=""http://arctos.database.museum/name/ophthalmotilapia ventralis"">ophthalmotilapia ventralis</a>, page 2 in <a href=""http://arctos.database.museum/publication/10006794"">parsons et al. 2011</a>",1
"voucher of <a href=""http://arctos.database.museum/name/orthochromis luongoensis"">orthochromis luongoensis</a>, page 147 in <a href=""http://arctos.database.museum/publication/10006849"">schedel et al. 2014</a>",1
"voucher of <a href=""http://arctos.database.museum/name/pantodon buchholzi"">pantodon buchholzi</a>, page 667 in <a href=""http://arctos.database.museum/publication/10006828"">sullivan et al. 2000</a>",1
"voucher of <a href=""http://arctos.database.museum/name/parachanna obscura"">parachanna obscura</a> in <a href=""http://arctos.database.museum/publication/10006899"">serrao et al. 2014</a>",1
"voucher of <a href=""http://arctos.database.museum/name/parakneria spekii"">parakneria spekii</a>, page 298 in <a href=""http://arctos.database.museum/publication/10007015"">near et al. 2014</a>",1
"voucher of <a href=""http://arctos.database.museum/name/paramormyrops gabonensis"">paramormyrops gabonensis</a>, page 828 in <a href=""http://arctos.database.museum/publication/10006790"">sullivan et al. 2004</a>; voucher of <a href=""http://arctos.database.museum/name/paramormyrops gabonensis"">paramormyrops gabonensis</a>, page 666 in <a href=""http://arctos.database.museum/publication/10006828"">sullivan et al. 2000</a>",1
"voucher of <a href=""http://arctos.database.museum/name/paramormyrops hopkinsi"">paramormyrops hopkinsi</a>, page 666 in <a href=""http://arctos.database.museum/publication/10006828"">sullivan et al. 2000</a>",1
"voucher of <a href=""http://arctos.database.museum/name/paramormyrops longicaudatus"">paramormyrops longicaudatus</a>, page 666 in <a href=""http://arctos.database.museum/publication/10006828"">sullivan et al. 2000</a>",1
"voucher of <a href=""http://arctos.database.museum/name/paramormyrops"">paramormyrops vadamans n. sp.</a> vadamans n. sp. in <a href=""http://arctos.database.museum/publication/10006803"">cumv fish type citations</a>",1
"voucher of <a href=""http://arctos.database.museum/name/paramormyrops"">paramormyrops vadamans n. sp.</a> vadamans n. sp., page 666 in <a href=""http://arctos.database.museum/publication/10006828"">sullivan et al. 2000</a>",1
"voucher of <a href=""http://arctos.database.museum/name/paramormyrops"">paramormyrops vadamans n. sp.</a> vadamans n. sp., page 667 in <a href=""http://arctos.database.museum/publication/10006828"">sullivan et al. 2000</a>",1
"voucher of <a href=""http://arctos.database.museum/name/petrocephalus simus"">petrocephalus simus</a>, page 667 in <a href=""http://arctos.database.museum/publication/10006828"">sullivan et al. 2000</a>",1
"voucher of <a href=""http://arctos.database.museum/name/petrocephalus sullivani"">petrocephalus sullivani</a>, page 667 in <a href=""http://arctos.database.museum/publication/10006828"">sullivan et al. 2000</a>",1
"voucher of <a href=""http://arctos.database.museum/name/pseudosimochromis curvifrons"">pseudosimochromis curvifrons</a> in <a href=""http://arctos.database.museum/publication/10006793"">cooper et al. 2010</a>; voucher of <a href=""http://arctos.database.museum/name/pseudosimochromis curvifrons"">pseudosimochromis curvifrons</a>, page 2 in <a href=""http://arctos.database.museum/publication/10006794"">parsons et al. 2011</a>",1
"voucher of <a href=""http://arctos.database.museum/name/simochromis diagramma"">simochromis diagramma</a>, page 2 in <a href=""http://arctos.database.museum/publication/10006794"">parsons et al. 2011</a>; voucher of <a href=""http://arctos.database.museum/name/simochromis diagramma"">simochromis diagramma</a> in <a href=""http://arctos.database.museum/publication/10006793"">cooper et al. 2010</a>",1
"voucher of <a href=""http://arctos.database.museum/name/spathodus"">spathodus</a> in <a href=""http://arctos.database.museum/publication/10006793"">cooper et al. 2010</a>; voucher of <a href=""http://arctos.database.museum/name/spathodus"">spathodus</a>, page 2 in <a href=""http://arctos.database.museum/publication/10006794"">parsons et al. 2011</a>",1
"voucher of <a href=""http://arctos.database.museum/name/stomatorhinus ivindoensis"">stomatorhinus ivindoensis</a>, page 667 in <a href=""http://arctos.database.museum/publication/10006828"">sullivan et al. 2000</a>",1
"voucher of <a href=""http://arctos.database.museum/name/stomatorhinus walkeri"">stomatorhinus walkeri</a>, page 667 in <a href=""http://arctos.database.museum/publication/10006828"">sullivan et al. 2000</a>",1
"voucher of <a href=""http://arctos.database.museum/name/synodontis woleuensis"">synodontis woleuensis</a>, page 4 in <a href=""http://arctos.database.museum/publication/10006797"">friel and sullivan 2008</a>",1
"voucher of <a href=""http://arctos.database.museum/name/telmatochromis temporalis"">telmatochromis temporalis</a> in <a href=""http://arctos.database.museum/publication/10006793"">cooper et al. 2010</a>; voucher of <a href=""http://arctos.database.museum/name/telmatochromis temporalis"">telmatochromis temporalis</a>, page 2 in <a href=""http://arctos.database.museum/publication/10006794"">parsons et al. 2011</a>",1
"voucher of <a href=""http://arctos.database.museum/name/tropheus brichardi"">tropheus brichardi</a> in <a href=""http://arctos.database.museum/publication/10006793"">cooper et al. 2010</a>; voucher of <a href=""http://arctos.database.museum/name/tropheus brichardi"">tropheus brichardi</a>, page 2 in <a href=""http://arctos.database.museum/publication/10006794"">parsons et al. 2011</a>",1
"voucher of <a href=""http://arctos.database.museum/name/tylochromis lateralis"">tylochromis lateralis</a>, page 2 in <a href=""http://arctos.database.museum/publication/10006794"">parsons et al. 2011</a>; voucher of <a href=""http://arctos.database.museum/name/tylochromis lateralis"">tylochromis lateralis</a> in <a href=""http://arctos.database.museum/publication/10006793"">cooper et al. 2010</a>",1
"voucher of <a href=""http://arctos.database.museum/name/xenocharax crassus"">xenocharax crassus</a> in <a href=""http://arctos.database.museum/publication/10006806"">arroyave et al. 2013</a>",1
"voucher of <a href=""http://arctos.database.museum/name/xenotilapia"">xenotilapia sp.</a> sp. in <a href=""http://arctos.database.museum/publication/10006793"">cooper et al. 2010</a>; voucher of <a href=""http://arctos.database.museum/name/xenotilapia"">xenotilapia sp.</a> sp., page 2 in <a href=""http://arctos.database.museum/publication/10006794"">parsons et al. 2011</a>",1
"voucher of lepidolamprologus cunningtoni in <a href=""http://arctos.database.museum/publication/10006848"">wagner et al. 2012</a>",1
