"Collector","Count"
"2",1
"3",23
"6",1
"18",1
"19",4
"20",1
"58",4
"77",5
"98",178
"153",1
"201",5
"300",168
"311",640
"312",1118
"313",5
"410",5
"465",1
"489",131
"603",1
"605",173
"612",112
"613",3237
"614",2
"615",1
"616",1
"617",1
"618",1
"619",1
"689",131
"1949",1
"1969",1
"1973",17
"1976",14
"2012",5
"4400",7
"r",6722
"j",5486
"class",5008
"c",4816
"e",4611
"wfs",4303
"v",3728
"m",3704
"et",3678
"al",3675
"w",3579
"a",3181
"and",3144
"t",2557
"pequegnat",2467
"mceachran",2380
"chittenden",2369
"d",2181
"s",2118
"mms",1790
"k",1781
"j.d",1773
"darnell",1768
"b",1758
"lgl",1733
"grabowski",1529
"strawn",1437
"willis",1392
"winemiller",1342
"arrington",1313
"ii",1310
"arantes",1295
"oregon",1283
"l",1227
"smith",1205
"ponwith",1120
"o",1012
"crmwd",942
"h",929
"conway",896
"marine",849
"r.k",848
"biomedical",840
"k.w",840
"thornton",798
"t.b",753
"brown",711
"institute",697
"m.e",648
"wfsc",637
"williams",635
"alaminos",628
"r.m",599
"n",597
"marb",571
"f",560
"knapp",536
"montana",526
"anderson",524
"jepsen",493
"lee",487
"kim",471
"layman",452
"konstantinou",444
"bright",427
"pizano",414
"d.b",391
"mcguire",391
"caldwell",383
"g",357
"mccray",346
"p",338
"lozada",333
"k.o",324
"c.g",323
"henley",322
"k.m",322
"jackson",320
"pease",320
"dgom",315
"fitzgerald",304
"dixon",303
"hendricks",292
"conner",289
"burcham",287
"hodson",286
"bonham",271
"gyre",271
"shervette",251
"white",246
"carson",244
"moriarty",239
"felder",238
"walther",234
"longhorn",233
"d.m",228
"caira",226
"garrett",224
"harris",223
"kubicek",222
"barlow",220
"chittendon",218
"retzer",217
"altaras",210
"gallaway",197
"li",193
"libson",186
"j.n",185
"birnbaum",182
"seamap",178
"h.l",177
"prestridge",177
"burgess",175
"kelsch",175
"valdes",173
"roach",170
"iii",159
"r.e",159
"f.t",157
"ryan",156
"bertrand",155
"anton",154
"bruun",152
"s.e.f",151
"pelican",150
"gus",149
"adite",146
"lab",144
"r.g",144
"lopez",143
"associates",142
"capt",142
"ecological",142
"dowlearn",141
"jamie",138
"j.r",137
"palacios",135
"matheseon",134
"godan",132
"insitute",131
"amemiya",128
"armstrong",126
"ray",126
"tarim",126
"tpwd",123
"tamu",119
"f.s",118
"j.v",118
"evan",114
"gary",114
"kennicutt",113
"of",112
"swca",112
"krabbenhoft",110
"page",110
"pagotto",110
"baldauf",109
"mejia",107
"evans",104
"meyer",103
"zeug",101
"d.l",99
"peterson",99
"gold",98
"pulley",97
"woods",96
"dean",95
"a.t",94
"adams",94
"gibson",94
"tobler",92
"hanna",91
"baughman",90
"gunter",88
"raschi",88
"gordon",87
"lockwood",86
"winterbottom",85
"hander",83
"scharnweber",83
"students",82
"mccoid",78
"texas",78
"gayden",77
"matheson",76
"martin",74
"undergraduates",74
"b.j",73
"red",70
"belle",69
"charran",69
"gelwick",69
"justo",69
"sierra",69
"barbarino",67
"robertson",67
"phillips",64
"portnoy",64
"s.tarim",64
"nava",63
"r.j",63
"oliver",62
"s.f",62
"davis",61
"t.e",60
"bassinger",59
"cummings",59
"richardson",58
"hoeginhaus",57
"moore",57
"branstetter",56
"hill",56
"zengerle",56
"hubbs",55
"dennis",53
"lea",53
"bohlmeyer",52
"curtis",50
"carter",48
"sims",48
"g.p",47
"jones",47
"kelsh",47
"lugo",47
"miller",47
"payne",47
"howell",46
"dooley",45
"emery",45
"ruehl",45
"arevalo",44
"ashford",44
"party",44
"patus",44
"skinner",44
"ichthyology",43
"s.w",43
"d.a",42
"lamb",42
"murdy",42
"z",42
"johnson",41
"grimmett",40
"harry",40
"lujan",40
"morgan",40
"russell",40
"e.w",39
"musick",39
"mckinnon",38
"wicksten",38
"a.r",37
"dumm",37
"edwards",37
"grubh",37
"llerandi",37
"whitehead",37
"castro",36
"freeman",36
"standard",36
"n.k",35
"sallik",35
"albaugh",34
"broughton",34
"dede",34
"mcconville",34
"randy",34
"rogers",34
"rose",34
"baty",33
"dunn",33
"jr",33
"schmidt",33
"harper",32
"tillotson",32
"camp",31
"lyons",31
"park",31
"reid",31
"strenth",31
"bowers",30
"carlisle",30
"hope",30
"kroll",30
"ocean",30
"roop",30
"angela",29
"bean",29
"grubbs",29
"hanks",29
"o'hanlon",29
"r.h",29
"lasswell",28
"noble",28
"ou",28
"valdez",28
"bielawski",27
"booker",27
"cave",27
"dobbs",27
"doerr",27
"mcalpin",27
"mcintyre",27
"mohsin",27
"moody",27
"natural",27
"ragland",27
"arocha",26
"hale",26
"i",26
"karen",26
"kelly",26
"linard",26
"sablan",26
"schalk",26
"taylor",26
"team",26
"arnold",25
"baker",25
"baylor",25
"bittner",25
"crochet",25
"hibbits",25
"shormann",25
"adami",24
"dingerkus",24
"farreras",24
"gilbert",24
"kent",24
"miss",24
"oceanography",24
"thompson",24
"bickham",23
"bryan",23
"crew",23
"elj",23
"giles",23
"holm",23
"karel",23
"l.j",23
"marsh",23
"measles",23
"orr",23
"rabalais",23
"richard",23
"ross",23
"sosc",23
"stahl",23
"vims",23
"whiting",23
"geoghegan",22
"gerg",22
"gessner",22
"history",22
"john",22
"nancy",22
"rodriguez",22
"tsakiris",22
"ulrey",22
"zoch",22
"bailey",21
"bauldauf",21
"bryce",21
"dept",21
"meek",21
"muska",21
"ruffing",21
"simmons",21
"west",21
"bureau",20
"cannister",20
"cook",20
"dnr",20
"f.d",20
"flores",20
"gray",20
"land",20
"management",20
"modi",20
"mooi",20
"powell",20
"sparks",20
"truesdale",20
"wi",20
"x2",20
"zangerle",20
"bielowski",19
"hart",19
"hildebrand",19
"hildreth",19
"robinson",19
"rozenburg",19
"carroll",18
"chin",18
"puskas",18
"unknown",18
"w.e",18
"c.e",17
"c.m",17
"department",17
"dgomb",17
"ducroz",17
"fish",17
"greene",17
"p.t",17
"wheeler",17
"andries",16
"bullis",16
"captain",16
"cotner",16
"fischer",16
"game",16
"graham",16
"heller",16
"jenkins",16
"miles",16
"montoya",16
"shubert",16
"vines",16
"balbas",15
"barron",15
"bower",15
"dillaplain",15
"discoverer",15
"inst",15
"j.w",15
"o.w",15
"shoemaker",15
"sites",15
"suarez",15
"telfair",15
"ward",15
"california",14
"eastman",14
"galloway",14
"lane",14
"patterson",14
"pavela",14
"r.a",14
"roncskevitz",14
"shen",14
"spofford",14
"spring",14
"b.d",13
"berry",13
"burr",13
"daher",13
"f.h",13
"fisheries",13
"fishermen",13
"foley",13
"hank",13
"hueske",13
"orrell",13
"power",13
"t.m",13
"vick",13
"wood",13
"acre",12
"aiken",12
"amant",12
"barry",12
"beach",12
"bono",12
"braasch",12
"buckley",12
"carolina",12
"charlene",12
"cory",12
"devries",12
"farrell",12
"george",12
"gilliss",12
"go",12
"harshaw",12
"holcomb",12
"holleman",12
"katy",12
"kottelat",12
"let's",12
"lieb",12
"light",12
"mayer",12
"personnel",12
"roneskevitz",12
"rullo",12
"stiles",12
"chitteden",11
"collier",11
"de",11
"echelle",11
"fehlmann",11
"halmahera",11
"howard",11
"jordan",11
"karr",11
"m.j",11
"marshall",11
"nichols",11
"scott",11
"singou",11
"utmb",11
"young",11
"albatross",10
"baldwin",10
"bath",10
"caddou",10
"camper",10
"crockett",10
"day",10
"e.t",10
"haegelin",10
"j.r.dixon",10
"loftin",10
"mcturk",10
"project",10
"rv",10
"school",10
"shrimper",10
"sidell",10
"slack",10
"snyder",10
"wells",10
"ang",9
"bauer",9
"belap",9
"binderim",9
"blankenship",9
"blessing",9
"c.s",9
"connor",9
"cooper",9
"delaware",9
"gidden",9
"goodwin",9
"hendrick",9
"hickman",9
"j.t",9
"kristmundsdottir",9
"la",9
"marcus",9
"mitchell",9
"museo",9
"ohmann",9
"plata",9
"rodrigez",9
"scull",9
"soulen",9
"wormuth",9
"baggett",8
"baldridge",8
"barclay",8
"behnke",8
"boone",8
"bradley",8
"brooks",8
"buth",8
"callahan",8
"canoy",8
"citation",8
"city",8
"collins",8
"crabtree",8
"darrell",8
"eastward",8
"fechhelm",8
"g.d",8
"hately",8
"hood",8
"houser",8
"hubbard",8
"james",8
"jdm",8
"kevin",8
"mccrystal",8
"nesbitt",8
"pietri",8
"pyburn",8
"ryberg",8
"seret",8
"shaffner",8
"smolensky",8
"st",8
"stephenson",8
"stone",8
"swan",8
"wade",8
"wakefield",8
"walker",8
"biology",7
"buchanan",7
"chao",7
"ellie",7
"ford",7
"forstner",7
"g.w",7
"hestick",7
"hoese",7
"king",7
"klassen",7
"matthews",7
"mayden",7
"mccleave",7
"n.g",7
"piastro",7
"rachlin",7
"rhame",7
"sanders",7
"sef",7
"segelquist",7
"smolen",7
"springer",7
"staton",7
"swanson",7
"tanzer",7
"tradewinds",7
"trudeau",7
"vicker",7
"watson",7
"watters",7
"y",7
"alexander",6
"barnes",6
"bell",6
"bennington",6
"bloodworth",6
"britton",6
"bruce",6
"burchum",6
"cannista",6
"cichra",6
"condit",6
"curran",6
"danzeiser",6
"donna",6
"downar",6
"eidman",6
"etnier",6
"fryer",6
"geronimo",6
"giresi",6
"golani",6
"h.h",6
"harner",6
"hayes",6
"heney",6
"holloran",6
"hureau",6
"jdj",6
"kadson",6
"kolehmainen",6
"l.m",6
"l.r",6
"loesch",6
"m.k",6
"mandera",6
"mcdonald",6
"mcneir",6
"middlebrook",6
"mjm",6
"national",6
"omundson",6
"oualline",6
"paxson",6
"pettus",6
"pitre",6
"poindexter",6
"pointer",6
"price",6
"prince",6
"ramsey",6
"reno",6
"rivera",6
"ruedas",6
"sato",6
"shaver",6
"szmant",6
"t.l",6
"tahar",6
"tan",6
"texrat",6
"thorp",6
"toole",6
"usbcf",6
"uzzell",6
"vessel",6
"waller",6
"wayt",6
"wf6",6
"wiest",6
"wing",6
"bcf",5
"benjamin",5
"bentley",5
"conservation",5
"cr",5
"daugherty",5
"dawson",5
"delfs",5
"ellisor",5
"ese",5
"feinberg",5
"flynt",5
"gardner",5
"grosmaire",5
"gulf",5
"h.k",5
"haley",5
"halfmann",5
"hibbitts",5
"hunter",5
"iv",5
"jvc",5
"kimmel",5
"kofron",5
"lillian",5
"litton",5
"marc",5
"mbi",5
"nmfs",5
"palmer",5
"paragon",5
"pluenneke",5
"recksiek",5
"resources",5
"rockett",5
"ronceskivitz",5
"rostant",5
"rudd",5
"schmidly",5
"sepbop",5
"service",5
"small",5
"spross",5
"t.d",5
"taphorn",5
"tareg",5
"terry",5
"topolski",5
"weaver",5
"western",5
"a.h",4
"albrey",4
"avent",4
"bamberg",4
"berner",4
"bob",4
"boland",4
"boles",4
"buck",4
"burridge",4
"burt",4
"childs",4
"cjr",4
"collette",4
"crim",4
"cromwell",4
"crossman",4
"d.c",4
"damarais",4
"dantzer",4
"david",4
"deran",4
"desrochers",4
"eschmeyer",4
"etneir",4
"fender",4
"ferraris",4
"golden",4
"greenbaum",4
"hacunda",4
"harrington",4
"helmke",4
"judeane",4
"k.s",4
"klussman",4
"langley",4
"launch",4
"lindsey",4
"mckaig",4
"mclane",4
"milstead",4
"murphy",4
"museum",4
"ohlendorf",4
"p.b",4
"porter",4
"reber",4
"renfrow",4
"rishardson",4
"rivero",4
"robert",4
"schaffner",4
"schwartz",4
"stutzenbaker",4
"sutton",4
"t.j",4
"thomas",4
"took",4
"townsend",4
"u",4
"w.m",4
"wilson",4
"woodfin",4
"a.c",3
"adkinson",3
"alabama",3
"bienta",3
"bjg",3
"blesk",3
"breese",3
"brent",3
"bukovinsky",3
"burch",3
"burkhalter",3
"c.j",3
"c.t",3
"c.w",3
"cameron",3
"cape",3
"carew",3
"chamberlain",3
"chanem",3
"chung",3
"clark",3
"coker",3
"comper",3
"cowen",3
"cta",3
"dodd",3
"drymon",3
"duke",3
"earp",3
"elisabeth",3
"evens",3
"far",3
"fontaine",3
"fosberg",3
"frizzelle",3
"g.s",3
"gafford",3
"gall",3
"garcia",3
"ghanem",3
"gorman",3
"gwen",3
"h.b",3
"hamilton",3
"harwood",3
"hata",3
"heitz",3
"henry",3
"hensley",3
"high",3
"hillis",3
"horne",3
"iselin",3
"j.c",3
"j.f",3
"jacquet",3
"jcp",3
"jenkin",3
"jim",3
"jodie",3
"johanson",3
"ken",3
"kingery",3
"konstantinidis",3
"kucera",3
"lavelawe",3
"lindsay",3
"local",3
"maceina",3
"marston",3
"mathews",3
"mcallister",3
"mississippi",3
"mounir",3
"munro",3
"munson",3
"murranka",3
"nathaniel",3
"nl",3
"oefinger",3
"orstom",3
"osmundsen",3
"otis",3
"perry",3
"potter",3
"pr",3
"ramshaw",3
"rayland",3
"ready",3
"reb",3
"reed",3
"rev",3
"rhodes",3
"rita",3
"sablatura",3
"sandel",3
"schubert",3
"seas",3
"shane",3
"shearls",3
"shuff",3
"siedlecki",3
"sines",3
"slingerland",3
"spikes",3
"star",3
"sterchan",3
"stevens",3
"stilis",3
"success",3
"survey",3
"sweeney",3
"sweet",3
"tarzwell",3
"ted",3
"thomson",3
"tirard",3
"triesch",3
"undaunted",3
"university",3
"ussr",3
"utesch",3
"waddell",3
"walczak",3
"watkins",3
"wiley",3
"winkler",3
"wright",3
"yeh",3
"a.d",2
"a.n",2
"acosta",2
"alabaugh",2
"albrecht",2
"albright",2
"allen",2
"alton",2
"ameini",2
"arent",2
"artho",2
"asaoka",2
"avise",2
"axtell",2
"b.e",2
"b.m",2
"b.w",2
"bauchot",2
"ben",2
"benning",2
"bertl",2
"black",2
"bloomquist",2
"borgia",2
"boyd",2
"brownlee",2
"buccaneer",2
"bugai",2
"bullington",2
"butler",2
"buxton",2
"c.l",2
"callaway",2
"capape",2
"carol",2
"carpenter",2
"cashman",2
"catada",2
"center",2
"colby",2
"collecting",2
"collection",2
"corn",2
"costa",2
"cressey",2
"crocker",2
"cross",2
"cruise",2
"d.f",2
"d.g",2
"d.h",2
"d.kiel",2
"d.w",2
"dab",2
"deborah",2
"dillaplian",2
"domsky",2
"donaldson",2
"e.o",2
"ecology",2
"endo",2
"et.al",2
"evermann",2
"faggard",2
"families",2
"fehlman",2
"field",2
"figueroa",2
"fisherman",2
"flake",2
"florida",2
"floyed",2
"foggard",2
"frey",2
"from",2
"g.k",2
"gerstung",2
"gittings",2
"glass",2
"gleastine",2
"goff",2
"goomex",2
"grubb",2
"gsb",2
"guppy",2
"hailey",2
"halloran",2
"hazzard",2
"heike",2
"henlopen",2
"herwig",2
"hodgin",2
"hoover",2
"hopkins",2
"horton",2
"houston",2
"iida",2
"illinois",2
"j.e",2
"j.l",2
"jepson",2
"joe",2
"johnston",2
"kaiyo",2
"kiel",2
"kirby",2
"knight",2
"kristmondsdottir",2
"l.d",2
"l.s",2
"l.w",2
"lady",2
"laird",2
"lambs",2
"landry",2
"lantz",2
"latta",2
"lbb",2
"leggett",2
"levy",2
"linam",2
"littleford",2
"lobson",2
"loftus",2
"lrr",2
"ludeman",2
"mandrak",2
"manning",2
"march",2
"mark",2
"marlene",2
"maru",2
"mary",2
"marzola",2
"mathus",2
"mauldin",2
"mcclung",2
"mcgaffey",2
"melissa",2
"monroe",2
"morrison",2
"moyle",2
"mundel",2
"neely",2
"neighbor",2
"nelson",2
"newcomb",2
"nipper",2
"not",2
"oliveri",2
"orel",2
"paschall",2
"pkz",2
"platonia",2
"putt",2
"rice",2
"rig",2
"rm",2
"roe",2
"rosen",2
"satapoomin",2
"schulle",2
"science",2
"serns",2
"simm",2
"sivasothi",2
"snelson",2
"sorting",2
"sparrow",2
"spear",2
"sting",2
"study",2
"surat",2
"t.f",2
"t.t",2
"tamurf",2
"timothy",2
"ton",2
"trip",2
"tyler",2
"univ",2
"vandenbaum",2
"vaughan",2
"velez",2
"vetorino",2
"voss",2
"walters",2
"webb",2
"welch",2
"wickwire",2
"wildlife",2
"withe",2
"wjk",2
"wottring",2
"wray",2
"yerger",2
"zachary",2
"ziegler",2
"18b",1
"8th",1
"a.aminos",1
"a.i",1
"a.l",1
"adkins",1
"aitken",1
"alaras",1
"alice",1
"alicef",1
"alpin",1
"alvarado",1
"alvarez",1
"amamiya",1
"amini",1
"antho",1
"anthon",1
"antrim",1
"aquirre",1
"aranyakananda",1
"areno",1
"armbruster",1
"ayk",1
"b.c",1
"b.f",1
"baird",1
"bambert",1
"banks",1
"barak",1
"barlowe",1
"baro",1
"barsch",1
"basin",1
"bates",1
"baum",1
"baxter",1
"becker",1
"beinia",1
"bennett",1
"berg",1
"berglund",1
"betsill",1
"billy",1
"bio",1
"biol",1
"biomdical",1
"birmbaum",1
"birnback",1
"bitlner",1
"blackstor",1
"blankinship",1
"board",1
"boehm",1
"bok",1
"bolivar",1
"bond",1
"bonn",1
"boomer",1
"boughman",1
"braun",1
"brausf___",1
"breuer",1
"breukelman",1
"brever",1
"breyer",1
"britz",1
"bruguiere",1
"brunn",1
"buckner",1
"burger",1
"burke",1
"c.c.bowers",1
"c.reid",1
"ca",1
"cacique",1
"caiver",1
"calvert",1
"camenisch",1
"caney",1
"carole",1
"carr",1
"carrett",1
"castille",1
"castleton",1
"catch",1
"causey",1
"cavitt",1
"celt",1
"cetus",1
"chalut",1
"chamen",1
"chapman",1
"chase",1
"clindaniel",1
"close",1
"cobb",1
"coburn",1
"cohen",1
"coll",1
"colson",1
"colura",1
"combs",1
"company",1
"competitive",1
"cordes",1
"coriakula",1
"coro",1
"cox",1
"creaser",1
"crevette",1
"crm",1
"crowe",1
"culberson",1
"d.r",1
"daly",1
"daniels",1
"danzeisar",1
"darren",1
"dauphin",1
"davenport",1
"davies",1
"dearborn",1
"debbie",1
"del",1
"deneaux",1
"devriess",1
"dg",1
"digerkus",1
"dlp",1
"dodge",1
"dols",1
"donald",1
"donor",1
"dorchester",1
"dorf",1
"doucet",1
"dowler",1
"dowling",1
"drayer",1
"dube",1
"duever",1
"dunham",1
"dyer",1
"dykstr",1
"ealy",1
"ed",1
"elizabeth",1
"ellison",1
"engel",1
"english",1
"enriguez",1
"epsen",1
"espadon",1
"fable",1
"family",1
"faragosa",1
"farver",1
"fear",1
"fehimann",1
"ferguson",1
"ferris",1
"fielding",1
"fields",1
"figeroa",1
"fishes",1
"flechas",1
"flechsig",1
"fleming",1
"floyd",1
"forbes",1
"forges",1
"forks",1
"fosesman",1
"frank",1
"freeze",1
"fried",1
"friedersdorff",1
"fritts",1
"fritz",1
"g.e",1
"garrick",1
"gay",1
"gei",1
"gelbach",1
"genter",1
"gibbs",1
"gibbsm",1
"gie",1
"gillette",1
"gillis",1
"gilmore",1
"giovannoli",1
"girard",1
"gold's",1
"goldman",1
"gonzalez",1
"gooding",1
"gore",1
"gourley",1
"gourlez",1
"grade",1
"green",1
"greenfield",1
"gruber",1
"gryzik",1
"guillroy",1
"gurley",1
"guyton",1
"h.j",1
"hagee",1
"haglund",1
"hall",1
"hansknecht",1
"hardegree",1
"hargis",1
"harty",1
"harvey",1
"harward",1
"hawkins",1
"heaton",1
"hedgepeth",1
"heemstra",1
"hellier",1
"hera",1
"hernandez",1
"hero",1
"herrbst",1
"hess",1
"hicks",1
"higgins",1
"his",1
"hockley",1
"hogee",1
"holland",1
"holman",1
"holt",1
"hoopaugh",1
"houska",1
"hubley",1
"hudson",1
"huff",1
"hughart",1
"hunt",1
"hurd",1
"hutto",1
"ic",1
"illegible",1
"in",1
"instituto",1
"irv",1
"irwin",1
"itano",1
"j.a",1
"j.h.hudson",1
"jagger",1
"janet",1
"jc",1
"jj",1
"jlb",1
"joel",1
"joeris",1
"jordon",1
"jpg",1
"jrg",1
"juday",1
"judd",1
"jurgens",1
"k.h",1
"kee",1
"keith",1
"keller",1
"kelley",1
"kellogg",1
"kendall",1
"kennicult",1
"kilby",1
"killebrew",1
"klett",1
"klussmann",1
"koen",1
"kraai",1
"kristmunalsdottir",1
"kristmundsdothr",1
"kuiter",1
"kulbicki",1
"l.h",1
"lachner",1
"ladd",1
"ladies",1
"lang",1
"larson",1
"laudke",1
"lauzanne",1
"law",1
"lawson",1
"ledger",1
"lehmann",1
"leon",1
"letti",1
"lewis",1
"liemesch",1
"limnology",1
"lindall",1
"lindleys",1
"lizardo",1
"lock",1
"lockley",1
"loubens",1
"louise",1
"lowry",1
"ludeke",1
"luedke",1
"luethy",1
"lukens",1
"lukins",1
"lyczkowski",1
"lynch",1
"m.a",1
"m.h",1
"m.s",1
"macdonald",1
"magee",1
"manciska",1
"mann",1
"mano",1
"mansuetter",1
"mar",1
"market",1
"marxreiter",1
"mason",1
"maxwell",1
"mcalexander",1
"mcbride",1
"mccandley",1
"mccann",1
"mccollum",1
"mccord",1
"mccormick",1
"mce",1
"mceacharn",1
"mceachern",1
"mceachron",1
"mcgowan",1
"mckinney",1
"mcnair",1
"mediterranean",1
"meeks",1
"mekaig",1
"menzel",1
"meschkat",1
"metzelarr",1
"mexico",1
"mike",1
"mills",1
"minzel",1
"mitches",1
"money",1
"montalu",1
"moriarity",1
"moritz",1
"morlay",1
"morrell",1
"morris",1
"morrow",1
"murdock",1
"murray",1
"musak",1
"musik",1
"musis",1
"n.b",1
"nakayama",1
"nana",1
"nat",1
"new",1
"ni",1
"o.r.s.t.r.o.m",1
"olim",1
"ortega",1
"ortenburger",1
"ottys",1
"oyarce",1
"p.c",1
"pacific",1
"paine",1
"panacea",1
"parenti",1
"parker",1
"pascal",1
"patella",1
"patriarche",1
"pattengill",1
"pauela",1
"pavala",1
"pawson",1
"penner",1
"penny",1
"peru",1
"petrider",1
"petrides",1
"phelps",1
"philadelphia",1
"philippine",1
"philips",1
"pickering",1
"pinckard",1
"pine",1
"pipkin",1
"pister",1
"plake",1
"poey",1
"polter",1
"poncik",1
"porak",1
"post",1
"powers",1
"prob",1
"pullium",1
"pyborn",1
"q",1
"qelsh",1
"qualls",1
"quick",1
"r.d",1
"r.l",1
"radoff",1
"ragan",1
"rainosek",1
"rall",1
"rara",1
"rasmussen",1
"rawls",1
"rc",1
"regland",1
"reib",1
"reilesma",1
"reilly",1
"reince",1
"reis",1
"relatives",1
"remus",1
"research",1
"rezak",1
"rezer",1
"rhea",1
"rienks",1
"ripley",1
"rlw",1
"rod",1
"roderick",1
"ronnie",1
"rosenlund",1
"rowell",1
"rudy",1
"rumfield",1
"rumsfield",1
"ruyle",1
"s.m",1
"s.r",1
"salyer",1
"samford",1
"sandberg",1
"sanderson",1
"sannwaldt",1
"sarker",1
"sawin",1
"schemske",1
"schmidth",1
"schott",1
"schroeder",1
"schuff",1
"schultz",1
"schwebel",1
"scorsby",1
"scotfield",1
"scudday",1
"seabrook",1
"seaman",1
"sedberry",1
"seggett",1
"sells",1
"sharon",1
"shaw",1
"shultz",1
"sides",1
"sigelquist",1
"silva",1
"silver",1
"simons",1
"simpson",1
"slattery",1
"smigh",1
"smithsonian",1
"soulieve",1
"sovlen",1
"speare",1
"spree",1
"squire",1
"staff",1
"stanford",1
"stannard",1
"state",1
"stauble",1
"steger",1
"stehling",1
"stickney",1
"stintver",1
"stirn",1
"strecker",1
"strong",1
"sul",1
"sumbling",1
"summer",1
"sutherland",1
"sutter",1
"swift",1
"t.r",1
"teerling",1
"theo",1
"thio",1
"tiller",1
"tony",1
"tpw",1
"trapani",1
"troganze",1
"trost",1
"truett",1
"tunnell",1
"turner",1
"tutor",1
"ulbrich",1
"us",1
"usfws",1
"usgs",1
"usnm",1
"van",1
"vecez",1
"veenstra",1
"veillon",1
"vert",1
"vicente",1
"village",1
"vladykov",1
"vordenbaum",1
"w.f",1
"w.g",1
"w.g.d",1
"w.k",1
"w.l",1
"w.nd",1
"w.w",1
"wabash",1
"walbaum",1
"wallace",1
"warden",1
"warren",1
"weber",1
"wenner",1
"werneke",1
"westneat",1
"wilkerson",1
"william",1
"woodward",1
"wormouth",1
"wwf",1
"wysong",1
"xantus",1
"yasawa",1
"yeager",1
"yoakum",1
"yosioka",1
"yvonne",1
"zahn's",1
"zastrow",1
"zeballos",1
"zehr",1
"zito",1
"zock",1
"zool",1
"zoology",1
"zp",1
