preps,Stand Prep,Stand Prep 2,Stand Prep 3,Tissue,Photo,,freq
NA,,,,,,,12688
70% ethanol within jar,EtOH,,,,,,5853
EtOH - 1,EtOH,,,,,,3705
whole organism (isopropanol),IsOH,,,,,,3693
70% EtOH - 1,EtOH,,,,,,2603
Fluid - 1,EtOH,,,,,,2350
70% alcohol,EtOH,,,,,,2275
alcoholic,EtOH,,,,,,1928
EtOH - 2,EtOH,,,,,,1896
whole animal (ETOH),EtOH,,,,,,1343
70% EtOH - 2,EtOH,,,,,,1317
Fluid - 2,EtOH,,,,,,1174
EtOH - 3,EtOH,,,,,,1141
1 alc; 0 sk; 0 c&s,EtOH,,,,,,1084
vial,EtOH,,,,,,1034
whole animal (alcohol),EtOH,,,,,,968
ethanol within vial,EtOH,,,,,,885
EtOH - 4,EtOH,,,,,,801
70% EtOH - 3,EtOH,,,,,,779
EtOH - 5,EtOH,,,,,,762
fluid - 1,EtOH,,,,,,723
Fluid - 3,EtOH,,,,,,698
fluid,EtOH,,,,,,693
70% EtOH - 4,EtOH,,,,,,573
IsOH - 1,IsOH,,,,,,563
2 alc; 0 sk; 0 c&s,EtOH,,,,,,497
Fluid - 4,EtOH,,,,,,493
EtOH - 6,EtOH,,,,,,481
Alcohol,EtOH,,,,,,437
70% EtOH - 5,EtOH,,,,,,414
skeleton,Skeleton,,,,,,402
EtOH - 7,EtOH,,,,,,400
fluid - 2,EtOH,,,,,,389
Fluid - 5,EtOH,,,,,,362
70% EtOH - 6,EtOH,,,,,,336
EtOH - 8,EtOH,,,,,,333
3 alc; 0 sk; 0 c&s,EtOH,,,,,,320
10% form.->70% alc.,EtOH,,,,,,305
Fluid - 6,EtOH,,,,,,290
fluid - 4,EtOH,,,,,,288
fluid - 3,EtOH,,,,,,285
EtOH - 10,EtOH,,,,,,274
EtOH - 9,EtOH,,,,,,265
70% EtOH - 7,EtOH,,,,,,256
IsOH - 2,IsOH,,,,,,255
4 alc; 0 sk; 0 c&s,EtOH,,,,,,241
Fluid - 7,EtOH,,,,,,221
70% EtOH - 8,EtOH,,,,,,214
jar,EtOH,,,,,,203
EtOH - 11,EtOH,,,,,,188
70% EtOH - 10,EtOH,,,,,,173
70% EtOH - 9,EtOH,,,,,,173
Fluid - 8,EtOH,,,,,,165
Fluid - 9,EtOH,,,,,,165
fluid - 5,EtOH,,,,,,163
EtOH - 12,EtOH,,,,,,157
IsOH - 3,IsOH,,,,,,154
5 alc; 0 sk; 0 c&s,EtOH,,,,,,153
6 alc; 0 sk; 0 c&s,EtOH,,,,,,147
Fluid - 10,EtOH,,,,,,131
EtOH - 14,EtOH,,,,,,126
EtOH - 15,EtOH,,,,,,121
70% ETHANOL/ SMALL JAR,EtOH,,,,,,119
EtOH - 13,EtOH,,,,,,119
skeleton - 1,Skeleton,,,,,,119
10% form.->70% alc.; tissue in EtOH,EtOH,,,TRUE,,,116
7 alc; 0 sk; 0 c&s,EtOH,,,,,,114
EtOH - 20,EtOH,,,,,,113
Fluid - 11,EtOH,,,,,,111
70% EtOH - 12,EtOH,,,,,,109
fluid - 6,EtOH,,,,,,108
Fluid - 12,EtOH,,,,,,107
70% EtOH - 11,EtOH,,,,,,104
fluid - 7,EtOH,,,,,,100
whole organism (ethanol),EtOH,,,,,,99
EtOH - 16,EtOH,,,,,,96
8 alc; 0 sk; 0 c&s,EtOH,,,,,,93
fluid - 8,EtOH,,,,,,93
fossil - 1,Fossil,,,,,,93
9 alc; 0 sk; 0 c&s,EtOH,,,,,,90
Fluid - 13,EtOH,,,,,,89
70% ETHANOL,EtOH,,,,,,86
70% EtOH - 13,EtOH,,,,,,78
10 alc; 0 sk; 0 c&s,EtOH,,,,,,73
Fluid - 15,EtOH,,,,,,73
fluid - 10,EtOH,,,,,,72
EtOH - 18,EtOH,,,,,,70
70% EtOH - 15,EtOH,,,,,,69
fluid - 9,EtOH,,,,,,69
none - 1,,,,,,,69
EtOH - 17,EtOH,,,,,,68
whole organism (alcohol),EtOH,,,,,,68
70% EtOH - 14,EtOH,,,,,,67
IsOH - 4,IsOH,,,,,,66
70% EtOH - 16,EtOH,,,,,,64
Fluid - 16,EtOH,,,,,,64
IsOH - 5,IsOH,,,,,,64
Fluid - 17,EtOH,,,,,,63
11 alc; 0 sk; 0 c&s,EtOH,,,,,,60
EtOH - 19,EtOH,,,,,,58
Fluid - 14,,,,,,,55
12 alc; 0 sk; 0 c&s,EtOH,,,,,,54
EtOH - 25,EtOH,,,,,,54
fluid - 11,EtOH,,,,,,54
isopropanol - 1,IsOH,,,,,,54
skeleton within container,Skeleton,,,,,,54
EtOH - 21,EtOH,,,,,,52
Skel - 1,Skeleton,,,,,,51
14 alc; 0 sk; 0 c&s,EtOH,,,,,,50
IsOH - 6,IsOH,,,,,,50
Fluid - 18,EtOH,,,,,,48
alcohol,EtOH,,,,,,47
EtOH - 26,EtOH,,,,,,46
fluid - 13,EtOH,,,,,,45
Fluid - 19,EtOH,,,,,,45
10% form.->70% alc.; tissue in EtOH; tissue in EtOH,EtOH,,,TRUE,,,44
IsOH - 7,IsOH,,,,,,44
70% EtOH - 17,EtOH,,,,,,43
70% EtOH - 18,EtOH,,,,,,42
EtOH - 22,EtOH,,,,,,42
fluid - 15,EtOH,,,,,,42
13 alc; 0 sk; 0 c&s,EtOH,,,,,,41
Fluid - 21,EtOH,,,,,,41
EtOH,EtOH,,,,,,40
EtOH - 30,EtOH,,,,,,40
fluid - 12,EtOH,,,,,,39
isopropanol - 2,IsOH,,,,,,39
originally: 10% formalin,EtOH,,,,,,39
15 alc; 0 sk; 0 c&s,EtOH,,,,,,38
fluid - 14,EtOH,,,,,,38
fluid - 16,EtOH,,,,,,38
Fluid - 20,EtOH,,,,,,38
EtOH - 27,EtOH,,,,,,37
Fluid - 22,EtOH,,,,,,37
EtOH - 24,EtOH,,,,,,36
Fluid - 24,EtOH,,,,,,36
70% EtOH - 20,EtOH,,,,,,35
70% EtOH - 21,EtOH,,,,,,35
Fluid - 23,EtOH,,,,,,35
osteo,Skeleton,,,,,,35
EtOH - 23,EtOH,,,,,,34
fluid - 17,EtOH,,,,,,34
fluid - 18,EtOH,,,,,,34
10% form.->70% alc.; tissue in EtOH; tissue in EtOH; tissue in EtOH,EtOH,,,TRUE,,,33
17 alc; 0 sk; 0 c&s,EtOH,,,,,,33
0 alc; 0 sk; 0 c&s,,,,,,,32
16 alc; 0 sk; 0 c&s,EtOH,,,,,,32
18 alc; 0 sk; 0 c&s,EtOH,,,,,,32
70% EtOH - 22,EtOH,,,,,,32
70% EtOH - 24,EtOH,,,,,,32
Fluid - 25,EtOH,,,,,,32
Tissue - 100,Tissue,,,,,,31
EtOH - 29,EtOH,,,,,,29
alcohol prep.,EtOH,,,,,,28
IsOH - 8,IsOH,,,,,,28
cleared and stained,C&S,,,,,,27
EtOH - 31,EtOH,,,,,,27
DRY/ BONES,Skeleton,,,,,,26
24 alc; 0 sk; 0 c&s,EtOH,,,,,,25
23 alc; 0 sk; 0 c&s,EtOH,,,,,,24
EtOH - 28,EtOH,,,,,,24
fluid - 19,EtOH,,,,,,24
fluid - 22,EtOH,,,,,,24
IsOH - 11,IsOH,,,,,,24
70% EtOH - 23,EtOH,,,,,,23
fluid - 20,EtOH,,,,,,23
25 alc; 0 sk; 0 c&s,EtOH,,,,,,22
19 alc; 0 sk; 0 c&s,EtOH,,,,,,21
20 alc; 0 sk; 0 c&s,EtOH,,,,,,21
70% EtOH - 19,EtOH,,,,,,21
EtOH - 35,EtOH,,,,,,21
Fluid - 30,EtOH,,,,,,21
IsOH - 10,IsOH,,,,,,21
21 alc; 0 sk; 0 c&s,EtOH,,,,,,20
70% alc.,EtOH,,,,,,20
70% EtOH - 25,EtOH,,,,,,20
fluid - 23,EtOH,,,,,,20
IsOH - 9,IsOH,,,,,,20
EtOH - 37,EtOH,,,,,,19
Fluid - 28,EtOH,,,,,,19
EtOH - 33,EtOH,,,,,,18
fluid - 21,EtOH,,,,,,18
Fluid - 26,EtOH,,,,,,18
Fluid - 33,EtOH,,,,,,18
22 alc; 0 sk; 0 c&s,EtOH,,,,,,17
EtOH - 1; tissue - 1; tissue - 1,EtOH,,,TRUE,,,17
EtOH - 34,EtOH,,,,,,17
Fluid - 27,EtOH,,,,,,17
fluid - 28,EtOH,,,,,,17
26 alc; 0 sk; 0 c&s,EtOH,,,,,,16
95% EtOH (spec) - 1,EtOH > 90%,,,,,,16
EtOH - 32,EtOH,,,,,,16
EtOH - 40,EtOH,,,,,,16
fluid - 24,EtOH,,,,,,16
fluid - 29,EtOH,,,,,,16
Fluid - 29,EtOH,,,,,,16
fluid - 34,EtOH,,,,,,16
Fluid - 34,EtOH,,,,,,16
Fluid - 35,EtOH,,,,,,16
fluid - 37,EtOH,,,,,,16
IsOH - 13,IsOH,,,,,,16
Skeleton; complete; &,Skeleton,,,,,,16
unknown,,,,,,,16
31 alc; 0 sk; 0 c&s,EtOH,,,,,,15
70% EtOH - 30,EtOH,,,,,,15
fluid - 27,EtOH,,,,,,15
fluid - 35,EtOH,,,,,,15
Fluid - 41,EtOH,,,,,,15
Liquid,EtOH,,,,,,15
tissue - 1; EtOH - 1; tissue - 1,EtOH,,,TRUE,,,15
27 alc; 0 sk; 0 c&s,EtOH,,,,,,14
32 alc; 0 sk; 0 c&s,EtOH,,,,,,14
70% ethanol within vial,EtOH,,,,,,14
70% EtOH - 27,EtOH,,,,,,14
EtOH - 36,EtOH,,,,,,14
EtOH - 45,EtOH,,,,,,14
fluid - 26,EtOH,,,,,,14
fluid - 33,EtOH,,,,,,14
Fluid - 36,EtOH,,,,,,14
IsOH - 14,IsOH,,,,,,14
tissue - 1; tissue - 1; EtOH - 1,EtOH,,,TRUE,,,14
29 alc; 0 sk; 0 c&s,EtOH,,,,,,13
35 alc; 0 sk; 0 c&s,EtOH,,,,,,13
40 alc; 0 sk; 0 c&s,EtOH,,,,,,13
70% EtOH - 34,EtOH,,,,,,13
EtOH - 38,EtOH,,,,,,13
EtOH - 39,EtOH,,,,,,13
fluid - 31,EtOH,,,,,,13
Fluid - 31,EtOH,,,,,,13
Fluid - 37,EtOH,,,,,,13
33 alc; 0 sk; 0 c&s,EtOH,,,,,,12
42 alc; 0 sk; 0 c&s,EtOH,,,,,,12
50 alc; 0 sk; 0 c&s,EtOH,,,,,,12
70% EtOH - 26,EtOH,,,,,,12
EtOH - 48,EtOH,,,,,,12
fluid - 25,EtOH,,,,,,12
Fluid - 32,EtOH,,,,,,12
fluid - 38,EtOH,,,,,,12
fluid - 40,EtOH,,,,,,12
originally: 10% Formalin,EtOH,,,,,,12
skeleton (dry),Skeleton,,,,,,12
37 alc; 0 sk; 0 c&s,EtOH,,,,,,11
70% EtOH - 32,EtOH,,,,,,11
C&S - 1,C&S,,,,,,11
EtOH - 43,EtOH,,,,,,11
fluid - 36,EtOH,,,,,,11
Fluid - 45,etOH,,,,,,11
skeleton within unspecified,Skeleton,,,,,,11
28 alc; 0 sk; 0 c&s,EtOH,,,,,,10
34 alc; 0 sk; 0 c&s,EtOH,,,,,,10
38 alc; 0 sk; 0 c&s,EtOH,,,,,,10
churn,,,,,,,10
EtOH - 50,EtOH,,,,,,10
fluid - 30,EtOH,,,,,,10
fluid - 41,EtOH,,,,,,10
Fluid - 43,EtOH,,,,,,10
IsOH - 12,IsOH,,,,,,10
tissue - 1; tissue - 1; EtOH - 2,EtOH,,,TRUE,,,10
tissue - 1; tissue - 1; tissue - 2; EtOH - 3more than 4 prep types,EtOH,,,TRUE,,,10
whole skeleton (dry),Skeleton,,,,,,10
10% form.->70% alc.; tissue in EtOH; tissue in EtOH; tissue in EtOH; tissue in EtOH,EtOH,,,TRUE,,,9
30 alc; 0 sk; 0 c&s,EtOH,,,,,,9
70% EtOH - 28,EtOH,,,,,,9
70% EtOH - 29,EtOH,,,,,,9
70% EtOH - 33,EtOH,,,,,,9
EtOH - 42,EtOH,,,,,,9
EtOH - 44,EtOH,,,,,,9
EtOH - 46,EtOH,,,,,,9
EtOH - 52,EtOH,,,,,,9
EtOH - 54,EtOH,,,,,,9
fluid - 47,EtOH,,,,,,9
fluid - 60,EtOH,,,,,,9
isopropanol - 3,IsOH,,,,,,9
36 alc; 0 sk; 0 c&s,EtOH,,,,,,8
57 alc; 0 sk; 0 c&s,EtOH,,,,,,8
70% EtOH - 31,EtOH,,,,,,8
70% EtOH - 42,EtOH,,,,,,8
95% EtOH (spec) - 2,EtOH > 90%,,,,,,8
box,EtOH,,,,,,8
EtOH - 41,EtOH,,,,,,8
EtOH - 47,EtOH,,,,,,8
EtOH - 56,EtOH,,,,,,8
Fluid - 38,EtOH,,,,,,8
Fluid - 42,EtOH,,,,,,8
fluid - 46,EtOH,,,,,,8
frozen (spec) - 1,Frozen,,,,,,8
tissue - 1; tissue - 1; tissue - 2; EtOH - 2more than 4 prep types,EtOH,,,TRUE,,,8
39 alc; 0 sk; 0 c&s,EtOH,,,,,,7
41 alc; 0 sk; 0 c&s,EtOH,,,,,,7
43 alc; 0 sk; 0 c&s,EtOH,,,,,,7
48 alc; 0 sk; 0 c&s,EtOH,,,,,,7
Ethanol/Alcohol - 1,EtOH,,,,,,7
EtOH - 51,EtOH,,,,,,7
fluid - 0,EtOH,,,,,,7
Fluid - 101,EtOH,,,,,,7
fluid - 32,EtOH,,,,,,7
fluid - 39,EtOH,,,,,,7
Fluid - 39,EtOH,,,,,,7
fluid - 42,EtOH,,,,,,7
fluid - 45,EtOH,,,,,,7
Fluid - 46,EtOH,,,,,,7
Fluid - 47,EtOH,,,,,,7
Fluid - 53,EtOH,,,,,,7
Fluid - 61,EtOH,,,,,,7
frozen (spec) - 2,Frozen,,,,,,7
IsOH - 15,IsOH,,,,,,7
IsOH - 16,IsOH,,,,,,7
IsOH - 20,IsOH,,,,,,7
IsOH - 23,IsOH,,,,,,7
isopropanol - 1; tissue - 1; Tissue,IsOH,,,TRUE,,,7
isopropanol - 4,IsOH,,,,,,7
tissue - 1; EtOH - 1,EtOH,,,TRUE,,,7
tissue - 1; tissue - 1; EtOH - 2; tissue - 2more than 4 prep types,EtOH,,,TRUE,,,7
tissue - 1; tissue - 1; EtOH - 3,EtOH,,,TRUE,,,7
tissue - 1; tissue - 1; tissue - 1; tissue - 1more than 4 prep types,EtOH,,,TRUE,,,7
47 alc; 0 sk; 0 c&s,EtOH,,,,,,6
70% EtOH - 1; 95% EtOH (tiss) - 1,EtOH,,,TRUE,,,6
70% EtOH - 36,EtOH,,,,,,6
70% EtOH - 38,EtOH,,,,,,6
EtOH - 1; photo - 1,EtOH,,,,TRUE,,6
EtOH - 49,EtOH,,,,,,6
EtOH - 55,EtOH,,,,,,6
EtOH - 57,EtOH,,,,,,6
EtOH - 60,EtOH,,,,,,6
EtOH - 62,EtOH,,,,,,6
EtOH - 63,EtOH,,,,,,6
EtOH - 64,EtOH,,,,,,6
EtOH - 65,EtOH,,,,,,6
Fluid - 1; Tissue - 1,,,,TRUE,,,6
Fluid - 40,EtOH,,,,,,6
fluid - 43,EtOH,,,,,,6
Fluid - 48,EtOH,,,,,,6
fluid - 51,EtOH,,,,,,6
Fluid - 52,EtOH,,,,,,6
fluid - 55,EtOH,,,,,,6
IsOH - 19,IsOH,,,,,,6
skeleton - 2,Skeleton,,,,,,6
tissue - 1; tissue - 1; EtOH - 4,EtOH,,,TRUE,,,6
tissue - 1; tissue - 1; tissue - 1; tissue - 3more than 4 prep types,EtOH,,,TRUE,,,6
100 alc; 0 sk; 0 c&s,EtOH,,,,,,5
44 alc; 0 sk; 0 c&s,EtOH,,,,,,5
45 alc; 0 sk; 0 c&s,EtOH,,,,,,5
51 alc; 0 sk; 0 c&s,EtOH,,,,,,5
65 alc; 0 sk; 0 c&s,EtOH,,,,,,5
67 alc; 0 sk; 0 c&s,EtOH,,,,,,5
70% EtOH - 40,EtOH,,,,,,5
70% EtOH - 43,EtOH,,,,,,5
70% EtOH - 46,EtOH,,,,,,5
70% EtOH - 51,EtOH,,,,,,5
72 alc; 0 sk; 0 c&s,EtOH,,,,,,5
88 alc; 0 sk; 0 c&s,EtOH,,,,,,5
89 alc; 0 sk; 0 c&s,EtOH,,,,,,5
95% EtOH (tiss) - 1; 70% EtOH - 1,EtOH > 90%,,,,,,5
EtOH - 1; tissue - 1,EtOH,,,TRUE,,,5
EtOH - 59,EtOH,,,,,,5
EtOH - 69,EtOH,,,,,,5
EtOH - 74,EtOH,,,,,,5
Fluid - 44,EtOH,,,,,,5
Fluid - 55,EtOH,,,,,,5
Fluid - 56,EtOH,,,,,,5
fluid - 58,EtOH,,,,,,5
fluid - 61,EtOH,,,,,,5
Fluid - 78,EtOH,,,,,,5
IsOH - 17,IsOH,,,,,,5
IsOH - 18,IsOH,,,,,,5
IsOH - 25,IsOH,,,,,,5
isopropanol - 5,IsOH,,,,,,5
originally: 10% formalin; preservation: 70% ETOH,EtOH,,,,,,5
partial skeleton (dry),Skeleton,,,,,,5
photo - 1; EtOH - 1,EtOH,,,,TRUE,,5
whole animal (70% ethanol),EtOH,,,,,,5
whole animal (alcohol); whole animal (alcohol),EtOH,,,,,,5
-80Â°F freezer,Tissue,,,,,,4
0 alc; 1 sk; 0 c&s,Skeleton,,,,,,4
10% form.->70% alc.; tissue in EtOH; tissue in EtOH; tissue in EtOH; tissue in EtOH; tissue in EtOH,EtOH,,,TRUE,,,4
2-jar,EtOH,,,,,,4
56 alc; 0 sk; 0 c&s,EtOH,,,,,,4
68 alc; 0 sk; 0 c&s,EtOH,,,,,,4
70% EtOH - 0,EtOH,,,,,,4
70% EtOH - 37,EtOH,,,,,,4
70% EtOH - 41,EtOH,,,,,,4
70% EtOH - 45,EtOH,,,,,,4
70% EtOH - 57,EtOH,,,,,,4
70% EtOH - 64,EtOH,,,,,,4
71 alc; 0 sk; 0 c&s,EtOH,,,,,,4
86 alc; 0 sk; 0 c&s,EtOH,,,,,,4
Dry Skeleton - 1,Skeleton,,,,,,4
EtOH - 101,EtOH,,,,,,4
EtOH - 58,EtOH,,,,,,4
EtOH - 67,EtOH,,,,,,4
EtOH - 86,EtOH,,,,,,4
fluid - 44,EtOH,,,,,,4
fluid - 48,EtOH,,,,,,4
fluid - 49,EtOH,,,,,,4
Fluid - 49,EtOH,,,,,,4
Fluid - 50,EtOH,,,,,,4
fluid - 53,EtOH,,,,,,4
fluid - 56,EtOH,,,,,,4
fluid - 62,EtOH,,,,,,4
Fluid - 63,EtOH,,,,,,4
fluid - 72,EtOH,,,,,,4
Fluid - 73,EtOH,,,,,,4
Fluid - 74,EtOH,,,,,,4
Fluid - 83,EtOH,,,,,,4
IsOH - 21,IsOH,,,,,,4
IsOH - 34,IsOH,,,,,,4
originally: Frozen & Formalin,EtOH,,,,,,4
photo - 1; EtOH - 2,EtOH,,,,TRUE,,4
tissue - 1; tissue - 1; tissue - 2; EtOH - 8more than 4 prep types,EtOH,,,TRUE,,,4
46 alc; 0 sk; 0 c&s,EtOH,,,,,,3
49 alc; 0 sk; 0 c&s,EtOH,,,,,,3
52 alc; 0 sk; 0 c&s,EtOH,,,,,,3
54 alc; 0 sk; 0 c&s,EtOH,,,,,,3
58 alc; 0 sk; 0 c&s,EtOH,,,,,,3
62 alc; 0 sk; 0 c&s,EtOH,,,,,,3
66 alc; 0 sk; 0 c&s,EtOH,,,,,,3
70% alc.; tissue in EtOH,EtOH,,,TRUE,,,3
70% EtOH - 35,EtOH,,,,,,3
70% EtOH - 4; C&S - 1,EtOH,C&S,,,,,3
70% EtOH - 44,EtOH,,,,,,3
70% EtOH - 50,EtOH,,,,,,3
70% EtOH - 61,EtOH,,,,,,3
70% EtOH - 63,EtOH,,,,,,3
70% EtOH - 65,EtOH,,,,,,3
76 alc; 0 sk; 0 c&s,EtOH,,,,,,3
82 alc; 0 sk; 0 c&s,EtOH,,,,,,3
84 alc; 0 sk; 0 c&s,EtOH,,,,,,3
87 alc; 0 sk; 0 c&s,EtOH,,,,,,3
95% EtOH (tiss) - 2; 70% EtOH - 3,EtOH > 90%,,,TRUE,,,3
C&S - 2,C&S,,,,,,3
C&S Skeleton - 1,C&S,,,,,,3
cleared & stained,C&S,,,,,,3
Ethanol/Alcohol - 2,EtOH,,,,,,3
EtOH - 102,EtOH,,,,,,3
EtOH - 130,EtOH,,,,,,3
EtOH - 53,EtOH,,,,,,3
EtOH - 72,EtOH,,,,,,3
EtOH - 75,EtOH,,,,,,3
EtOH - 76,EtOH,,,,,,3
EtOH - 81,EtOH,,,,,,3
EtOH - 82,EtOH,,,,,,3
EtOH - 84,EtOH,,,,,,3
EtOH - 89,EtOH,,,,,,3
EtOH - 90,EtOH,,,,,,3
fluid - 102,EtOH,,,,,,3
Fluid - 2; Tissue - 1,EtOH,,,TRUE,,,3
Fluid - 3; Tissue - 1,EtOH,,,TRUE,,,3
Fluid - 3; Tissue - 1; Tissue - 1,EtOH,,,TRUE,,,3
Fluid - 4; Tissue - 1; Tissue - 1,EtOH,,,TRUE,,,3
fluid - 54,EtOH,,,,,,3
Fluid - 54,EtOH,,,,,,3
Fluid - 57,EtOH,,,,,,3
Fluid - 59,EtOH,,,,,,3
Fluid - 6; Tissue - 1; Tissue - 1,EtOH,,,TRUE,,,3
Fluid - 60,EtOH,,,,,,3
Fluid - 62,EtOH,,,,,,3
fluid - 63,EtOH,,,,,,3
Fluid - 64,EtOH,,,,,,3
fluid - 67,EtOH,,,,,,3
Fluid - 71,EtOH,,,,,,3
fluid - 73,EtOH,,,,,,3
fluid - 74,EtOH,,,,,,3
fluid - 77,EtOH,,,,,,3
fluid - 79,EtOH,,,,,,3
Fluid - 84,EtOH,,,,,,3
Fluid - 89,EtOH,,,,,,3
fluid - 90,EtOH,,,,,,3
fluid - 91,EtOH,,,,,,3
Fluid - 92,EtOH,,,,,,3
IsOH - -1,IsOH,,,,,,3
IsOH - 24,IsOH,,,,,,3
IsOH - 26,IsOH,,,,,,3
IsOH - 27,IsOH,,,,,,3
IsOH - 33,IsOH,,,,,,3
isopropanol - 14,IsOH,,,,,,3
partial skeleton,Skeleton,,,,,,3
Skel - 8,Skeleton,,,,,,3
skeleton - 3,Skeleton,,,,,,3
tissue - 1; tissue - 1; EtOH - 5,EtOH,,,TRUE,,,3
tissue - 1; tissue - 1; tissue - 2; EtOH - 11more than 4 prep types,EtOH,,,TRUE,,,3
tissue - 1; tissue - 1; tissue - 2; EtOH - 6more than 4 prep types,EtOH,,,TRUE,,,3
tissue - 2; EtOH - 3,EtOH,,,TRUE,,,3
whole animal (alcohol); whole animal (70% ethanol),EtOH,,,,,,3
whole animal (alcohol); whole animal (cleared and stained),EtOH,,,,,,3
whole organism (cleared and stained),C&S,,,,,,3
whole skeleton (dry); skin sample (dry),Skeleton,,,,,,3
10% form.->70% alc.; tissue in EtOH; tissue in EtOH; tissue in EtOH; tissue in EtOH; tissue in EtOH; tissue in EtOH,EtOH,,,TRUE,,,2
10% form.->70% alc.; tissue in EtOH; tissue in EtOH; tissue in EtOH; tissue in EtOH; tissue in EtOH; tissue in EtOH; tissue in EtOH,EtOH,,,TRUE,,,2
105 alc; 0 sk; 0 c&s,EtOH,,,,,,2
106 alc; 0 sk; 0 c&s,EtOH,,,,,,2
116 alc; 0 sk; 0 c&s,EtOH,,,,,,2
129 alc; 0 sk; 0 c&s,EtOH,,,,,,2
148 alc; 0 sk; 0 c&s,EtOH,,,,,,2
189 alc; 0 sk; 0 c&s,EtOH,,,,,,2
53 alc; 0 sk; 0 c&s,EtOH,,,,,,2
61 alc; 0 sk; 0 c&s,EtOH,,,,,,2
64 alc; 0 sk; 0 c&s,EtOH,,,,,,2
70% EtOH - 1; 95% EtOH (spec) - 1,EtOH,EtOH > 90%,,,,,2
70% EtOH - 103,EtOH,,,,,,2
70% EtOH - 109,EtOH,,,,,,2
70% EtOH - 2; C&S - 2,EtOH,,,,,,2
70% EtOH - 3; C&S - 1,EtOH,,,,,,2
70% EtOH - 39,EtOH,,,,,,2
70% EtOH - 5; C&S - 1,EtOH,,,,,,2
70% EtOH - 52,EtOH,,,,,,2
70% EtOH - 54,EtOH,,,,,,2
70% EtOH - 62,EtOH,,,,,,2
70% EtOH - 67,EtOH,,,,,,2
70% EtOH - 71,EtOH,,,,,,2
70% EtOH - 76,EtOH,,,,,,2
70% EtOH - 79,EtOH,,,,,,2
70% EtOH - 82,EtOH,,,,,,2
70% EtOH - 90,EtOH,,,,,,2
73 alc; 0 sk; 0 c&s,EtOH,,,,,,2
75 alc; 0 sk; 0 c&s,EtOH,,,,,,2
78 alc; 0 sk; 0 c&s,EtOH,,,,,,2
79 alc; 0 sk; 0 c&s,EtOH,,,,,,2
85 alc; 0 sk; 0 c&s,EtOH,,,,,,2
93 alc; 0 sk; 0 c&s,EtOH,,,,,,2
94 alc; 0 sk; 0 c&s,EtOH,,,,,,2
95% alcohol,EtOH > 90%,,,,,,2
95% EtOH - 1,EtOH > 90%,,,,,,2
95% EtOH (spec) - 3,EtOH > 90%,,,,,,2
95% EtOH (tiss) - 1; 70% EtOH - 3,EtOH,,,TRUE,,,2
95% EtOH (tiss) - 2; 70% EtOH - 2,EtOH,,,TRUE,,,2
C&S - 2; 70% EtOH - 10,EtOH,,,,,,2
C&S - 4,C&S,,,,,,2
c&s - 7,C&S,,,,,,2
ethanol (71%),EtOH,,,,,,2
ethanol within unspecified,EtOH,,,,,,2
Ethanol/Alcohol - 12,EtOH,,,,,,2
Ethanol/Alcohol - 4,EtOH,,,,,,2
Ethanol/Alcohol - 5,EtOH,,,,,,2
Ethanol/Alcohol - 6,EtOH,,,,,,2
Ethanol/Alcohol - 7,EtOH,,,,,,2
EtOH - 100,EtOH,,,,,,2
EtOH - 104,EtOH,,,,,,2
EtOH - 110,EtOH,,,,,,2
EtOH - 116,EtOH,,,,,,2
EtOH - 123,EtOH,,,,,,2
EtOH - 126,EtOH,,,,,,2
EtOH - 127,EtOH,,,,,,2
EtOH - 14; C&S - 2,EtOH,,,,,,2
EtOH - 142,EtOH,,,,,,2
EtOH - 195,EtOH,,,,,,2
EtOH - 66,EtOH,,,,,,2
EtOH - 71,EtOH,,,,,,2
EtOH - 79,EtOH,,,,,,2
EtOH - 85,EtOH,,,,,,2
EtOH - 91,EtOH,,,,,,2
EtOH - 94,EtOH,,,,,,2
EtOH - 95,EtOH,,,,,,2
Fluid - 10; Tissue - 1; Tissue - 1,EtOH,,,TRUE,,,2
fluid - 100,EtOH,,,,,,2
fluid - 109,EtOH,,,,,,2
fluid - 110,EtOH,,,,,,2
Fluid - 114,EtOH,,,,,,2
Fluid - 116,EtOH,,,,,,2
fluid - 119,EtOH,,,,,,2
fluid - 122,EtOH,,,,,,2
Fluid - 123,EtOH,,,,,,2
fluid - 126,EtOH,,,,,,2
Fluid - 138,EtOH,,,,,,2
fluid - 148,EtOH,,,,,,2
fluid - 165,EtOH,,,,,,2
fluid - 167,EtOH,,,,,,2
fluid - 185,EtOH,,,,,,2
Fluid - 2; Fluid - 1,EtOH,,,,,,2
Fluid - 20; Tissue - 1; Tissue - 1,EtOH,,,TRUE,,,2
fluid - 225,EtOH,,,,,,2
Fluid - 4; Tissue - 1,EtOH,,,TRUE,,,2
fluid - 50,EtOH,,,,,,2
Fluid - 51,EtOH,,,,,,2
fluid - 52,EtOH,,,,,,2
fluid - 59,EtOH,,,,,,2
fluid - 64,EtOH,,,,,,2
fluid - 66,EtOH,,,,,,2
Fluid - 68,EtOH,,,,,,2
fluid - 69,EtOH,,,,,,2
Fluid - 69,EtOH,,,,,,2
fluid - 70,EtOH,,,,,,2
fluid - 71,EtOH,,,,,,2
fluid - 76,EtOH,,,,,,2
Fluid - 76,EtOH,,,,,,2
Fluid - 77,EtOH,,,,,,2
fluid - 78,EtOH,,,,,,2
Fluid - 79,EtOH,,,,,,2
Fluid - 8; Tissue - 1,EtOH,,,TRUE,,,2
fluid - 80,EtOH,,,,,,2
fluid - 81,EtOH,,,,,,2
fluid - 82,EtOH,,,,,,2
Fluid - 85,EtOH,,,,,,2
Fluid - 87,EtOH,,,,,,2
fluid - 89,EtOH,,,,,,2
Fluid - 93,EtOH,,,,,,2
fluid - 95,EtOH,,,,,,2
Fluid - 95,EtOH,,,,,,2
Fluid - 97,EtOH,,,,,,2
fluid - 98,EtOH,,,,,,2
frozen (tiss) - 1; 70% EtOH - 1,EtOH,,,TRUE,,,2
IsOH - 22,IsOH,,,,,,2
IsOH - 29,IsOH,,,,,,2
IsOH - 31,IsOH,,,,,,2
IsOH - 35,IsOH,,,,,,2
IsOH - 37,IsOH,,,,,,2
IsOH - 43,IsOH,,,,,,2
IsOH - 45,IsOH,,,,,,2
IsOH - 60,IsOH,,,,,,2
isopropanol - 1; Tissue,IsOH,,,TRUE,,,2
isopropanol - 2; photograph - 2,IsOH,,,,TRUE,,2
isopropanol - 7,IsOH,,,,,,2
isopropanol - 8,IsOH,,,,,,2
originally: 70% ETOH; preservation: 70% ETOH,EtOH,,,,,,2
originally: Freeze & formalin,EtOH,,,,,,2
originally: Freeze & formalin; preservation: formalin,EtOH,,,,,,2
originally: frozen- 10% formalin,EtOH,,,,,,2
photo - 1; EtOH - 3,EtOH,,,,TRUE,,2
SKELETON,Skeleton,,,,,,2
skeleton - 10,Skeleton,,,,,,2
skeleton - 4,Skeleton,,,,,,2
skeleton - 5,Skeleton,,,,,,2
"skeleton, matrix",Skeleton,,,,,,2
tissue - 1; EtOH - 5,EtOH,,,TRUE,,,2
tissue - 1; tissue - 1; EtOH - 14,EtOH,,,TRUE,,,2
tissue - 1; tissue - 1; EtOH - 8,EtOH,,,TRUE,,,2
tissue - 1; tissue - 1; tissue - 1; EtOH - 3more than 4 prep types,EtOH,,,TRUE,,,2
tissue - 1; tissue - 1; tissue - 2; EtOH - 4more than 4 prep types,EtOH,,,TRUE,,,2
tissue - 1; tissue - 1; tissue - 2; EtOH - 7more than 4 prep types,EtOH,,,TRUE,,,2
tissue - 1; tissue - 1; tissue - 2; EtOH - 9more than 4 prep types,EtOH,,,TRUE,,,2
unspecified - 1,,,,,,,2
whole animal (cleared and stained),C&S,,,,,,2
whole organism (isopropanol); skeleton (dry),IsOH,Skeleton,,,,,2
10% form.->70% alc.->dry,EtOH,,,,,,1
10% form.->70% alc.; cleared & stained,EtOH,C&S,,,,,1
10% form.->70% alc.; tissue in EtOH; tissue in EtOH; tissue in EtOH; tissue in EtOH; tissue in EtOH; tissue in EtOH; tissue in EtOH; tissue in EtOH,EtOH,,,TRUE,,,1
10% form.->70% alc.; tissue in EtOH; tissue in EtOH; tissue in EtOH; tissue in EtOH; tissue in EtOH; tissue in EtOH; tissue in EtOH; tissue in EtOH; tissue in EtOH; tissue in EtOH,EtOH,,,TRUE,,,1
102 alc; 0 sk; 0 c&s,EtOH,,,,,,1
104 alc; 0 sk; 0 c&s,EtOH,,,,,,1
109 alc; 0 sk; 0 c&s,EtOH,,,,,,1
110 alc; 0 sk; 0 c&s,EtOH,,,,,,1
115 alc; 0 sk; 0 c&s,EtOH,,,,,,1
117 alc; 0 sk; 0 c&s,EtOH,,,,,,1
118 alc; 0 sk; 0 c&s,EtOH,,,,,,1
124 alc; 0 sk; 0 c&s,EtOH,,,,,,1
127 alc; 0 sk; 0 c&s,EtOH,,,,,,1
131 alc; 0 sk; 0 c&s,EtOH,,,,,,1
136 alc; 0 sk; 0 c&s,EtOH,,,,,,1
140 alc; 0 sk; 0 c&s,EtOH,,,,,,1
146 alc; 0 sk; 0 c&s,EtOH,,,,,,1
150 alc; 0 sk; 0 c&s,EtOH,,,,,,1
151 alc; 0 sk; 0 c&s,EtOH,,,,,,1
158 alc; 0 sk; 0 c&s,EtOH,,,,,,1
163 alc; 0 sk; 0 c&s,EtOH,,,,,,1
166 alc; 0 sk; 0 c&s,EtOH,,,,,,1
167 alc; 0 sk; 0 c&s,EtOH,,,,,,1
171 alc; 0 sk; 0 c&s,EtOH,,,,,,1
196 alc; 0 sk; 0 c&s,EtOH,,,,,,1
202 alc; 0 sk; 0 c&s,EtOH,,,,,,1
232 alc; 0 sk; 0 c&s,EtOH,,,,,,1
281 alc; 0 sk; 0 c&s,EtOH,,,,,,1
330 alc; 0 sk; 0 c&s,EtOH,,,,,,1
351 alc; 0 sk; 0 c&s,EtOH,,,,,,1
360 alc; 0 sk; 0 c&s,EtOH,,,,,,1
55 alc; 0 sk; 0 c&s,EtOH,,,,,,1
581 alc; 0 sk; 0 c&s,EtOH,,,,,,1
60 alc; 0 sk; 0 c&s,EtOH,,,,,,1
63 alc; 0 sk; 0 c&s,EtOH,,,,,,1
70 alc; 0 sk; 0 c&s,EtOH,,,,,,1
70% alc.; tissue in EtOH; tissue in EtOH; tissue in EtOH,EtOH,,,TRUE,,,1
70% ethanol within jar; skeleton within unspecified,EtOH,Skeleton,,,,,1
"70% ETHANOL/ SMALL JAR, tissue",EtOH,,,,,,1
70% EtOH - 1; 95% EtOH (spec) - 2,EtOH,EtOH > 90%,,,,,1
70% EtOH - 1; C&S - 1,EtOH,,,,,,1
70% EtOH - 1; frozen (spec) - 1,EtOH,,,,,,1
70% EtOH - 1; frozen (tiss) - 1,EtOH,,,TRUE,,,1
70% EtOH - 10; C&S - 2,EtOH,,,,,,1
70% EtOH - 104,EtOH,,,,,,1
70% EtOH - 106,EtOH,,,,,,1
70% EtOH - 107,EtOH,,,,,,1
70% EtOH - 111,EtOH,,,,,,1
70% EtOH - 113,EtOH,,,,,,1
70% EtOH - 115,EtOH,,,,,,1
70% EtOH - 119,EtOH,,,,,,1
70% EtOH - 12; C&S - 2,EtOH,,,,,,1
70% EtOH - 122,EtOH,,,,,,1
70% EtOH - 137,EtOH,,,,,,1
70% EtOH - 145,EtOH,,,,,,1
70% EtOH - 16; C&S - 5,EtOH,C&S,,,,,1
70% EtOH - 17; C&S - 2,EtOH,C&S,,,,,1
70% EtOH - 175,EtOH,,,,,,1
70% EtOH - 2; 95% EtOH (tiss) - 1,EtOH,,,TRUE,,,1
70% EtOH - 2; 95% EtOH (tiss) - 2,EtOH,,,TRUE,,,1
70% EtOH - 2; C&S - 1,EtOH,C&S,,,,,1
70% EtOH - 2; frozen (tiss) - 2,EtOH,,,TRUE,,,1
70% EtOH - 210,EtOH,,,,,,1
70% EtOH - 216,EtOH,,,,,,1
70% EtOH - 23; C&S - 2,EtOH,,,,,,1
70% EtOH - 269,EtOH,,,,,,1
70% EtOH - 289,EtOH,,,,,,1
70% EtOH - 29; C&S - 2,EtOH,,,,,,1
70% EtOH - 290,EtOH,,,,,,1
70% EtOH - 3; 95% EtOH (spec) - 2,EtOH,EtOH > 90%,,,,,1
70% EtOH - 33; C&S - 2,EtOH,,,,,,1
70% EtOH - 4; 95% EtOH (tiss) - 1,EtOH,,,TRUE,,,1
70% EtOH - 4; frozen (tiss) - 3,EtOH,,,TRUE,,,1
70% EtOH - 47,EtOH,,,,,,1
70% EtOH - 48,EtOH,,,,,,1
70% EtOH - 49,EtOH,,,,,,1
70% EtOH - 55,EtOH,,,,,,1
70% EtOH - 550,EtOH,,,,,,1
70% EtOH - 56,EtOH,,,,,,1
70% EtOH - 58,EtOH,,,,,,1
70% EtOH - 59,EtOH,,,,,,1
70% EtOH - 6; C&S - 1,EtOH,,,,,,1
70% EtOH - 60,EtOH,,,,,,1
70% EtOH - 66,EtOH,,,,,,1
70% EtOH - 68,EtOH,,,,,,1
70% EtOH - 73,EtOH,,,,,,1
70% EtOH - 75,EtOH,,,,,,1
70% EtOH - 78,EtOH,,,,,,1
70% EtOH - 80,EtOH,,,,,,1
70% EtOH - 81,EtOH,,,,,,1
70% EtOH - 87,EtOH,,,,,,1
70% EtOH - 89,EtOH,,,,,,1
70% EtOH - 95,EtOH,,,,,,1
70% EtOH - 96,EtOH,,,,,,1
70% EtOH - 98,EtOH,,,,,,1
74 alc; 0 sk; 0 c&s,EtOH,,,,,,1
77 alc; 0 sk; 0 c&s,EtOH,,,,,,1
80 alc; 0 sk; 0 c&s,EtOH,,,,,,1
81 alc; 0 sk; 0 c&s,EtOH,,,,,,1
91 alc; 0 sk; 0 c&s,EtOH,,,,,,1
92 alc; 0 sk; 0 c&s,EtOH,,,,,,1
95 alc; 0 sk; 0 c&s,EtOH,,,,,,1
95% EtOH - 3,EtOH,,,,,,1
95% EtOH (spec) - 1; 70% EtOH - 1; 95% EtOH (tiss) - 1,EtOH,,,TRUE,,,1
95% EtOH (spec) - 1; 70% EtOH - 4,EtOH,EtOH > 90%,,,,,1
95% EtOH (spec) - 2; 70% EtOH - 2,EtOH,EtOH > 90%,,,,,1
95% EtOH (spec) - 3; 70% EtOH - 3,EtOH,EtOH > 90%,,,,,1
95% EtOH (spec) - 3; 70% EtOH - 5,EtOH,EtOH > 90%,,,,,1
95% EtOH (spec) - 4,EtOH > 90%,,,,,,1
95% EtOH (spec) - 5,EtOH > 90%,,,,,,1
95% EtOH (tiss) - 1,,,,TRUE,,,1
95% EtOH (tiss) - 1; 70% EtOH - 2,EtOH,,,TRUE,,,1
95% EtOH (tiss) - 1; 95% EtOH (spec) - 1; 70% EtOH - 1,EtOH,EtOH > 90%,,TRUE,,,1
95% EtOH (tiss) - 18,,,,TRUE,,,1
95% EtOH (tiss) - 2,,,,TRUE,,,1
95% EtOH (tiss) - 23,,,,TRUE,,,1
95% EtOH (tiss) - 9,,,,TRUE,,,1
Alcohol; C&S,EtOH,,,,,,1
C&S,C&S,,,,,,1
c&s - 1,C&S,,,,,,1
C&S - 1; 70% EtOH - 1,EtOH,C&S,,,,,1
C&S - 1; 70% EtOH - 3,EtOH,C&S,,,,,1
C&S - 1; 70% EtOH - 4,EtOH,C&S,,,,,1
C&S - 1; 70% EtOH - 5,EtOH,C&S,,,,,1
C&S - 1; 70% EtOH - 9,EtOH,C&S,,,,,1
C&S - 1; IsOH - 44,IsOH,C&S,,,,,1
C&S - 14,C&S,,,,,,1
C&S - 19; 70% EtOH - 19,EtOH,C&S,,,,,1
C&S - 2; 70% EtOH - 4,EtOH,C&S,,,,,1
C&S - 2; 70% EtOH - 9,EtOH,C&S,,,,,1
C&S - 2; EtOH - 1,EtOH,C&S,,,,,1
C&S - 2; EtOH - 12,EtOH,C&S,,,,,1
C&S - 2; EtOH - 14,EtOH,C&S,,,,,1
C&S - 2; EtOH - 23,EtOH,C&S,,,,,1
C&S - 2; EtOH - 34,EtOH,C&S,,,,,1
C&S - 2; IsOH - 6,IsOH,C&S,,,,,1
C&S - 3; EtOH - 23,EtOH,C&S,,,,,1
C&S - 3; EtOH - 5,EtOH,C&S,,,,,1
C&S - 4; EtOH - 6,EtOH,C&S,,,,,1
C&S - 5; EtOH - 240,EtOH,C&S,,,,,1
c&s - 53,C&S,,,,,,1
C&S - 8; EtOH - 44,EtOH,C&S,,,,,1
C&S Skeleton - 2; Fluid - 34,EtOH,C&S,,,,,1
cast,Mount,,,,,,1
DNA of whole animal (vacuum packed) within unspecified,,,,TRUE,,,1
dry skeleton,Skeleton,,,,,,1
Dry Skeleton - 1; Fluid - 37; Dry Skeleton - 1,Skeleton,EtOH,,,,,1
Dry Skeleton - 1; Fluid - 39,Skeleton,EtOH,,,,,1
Dry Skeleton - 1; Fluid - 39; Dry Skeleton - 1,Skeleton,EtOH,,,,,1
Dry Skeleton - 1; Fluid - 81; Dry Skeleton - 1,Skeleton,EtOH,,,,,1
Dry Skeleton - 1; Fluid - 92; Fluid - 92; Dry Skeleton - 2; Dry Skeleton - 2; Dry Skeleton - 1; Dry Skeleton - 1; Dry Skeleton - 1; Dry Skeleton - 1; Dry Skeleton - 1; Dry Skeleton - 1; Dry Skeleton - 1; Dry Skeleton - 1,Skeleton,EtOH,,,,,1
Dry Skeleton - 1; Fluid - 96,Skeleton,EtOH,,,,,1
Ethanol/Alcohol - 17,EtOH,,,,,,1
Ethanol/Alcohol - 19,EtOH,,,,,,1
Ethanol/Alcohol - 20,EtOH,,,,,,1
Ethanol/Alcohol - 23,EtOH,,,,,,1
Ethanol/Alcohol - 28,EtOH,,,,,,1
Ethanol/Alcohol - 3,EtOH,,,,,,1
Ethanol/Alcohol - 34,EtOH,,,,,,1
Ethanol/Alcohol - 8,EtOH,,,,,,1
Ethanol/Alcohol - 9,EtOH,,,,,,1
EtOH - 1; C&S - 1,EtOH,C&S,,,,,1
EtOH - 1; EtOH - 1,EtOH,,,,,,1
EtOH - 1; EtOH - 3,EtOH,,,,,,1
EtOH - 1; photo - 1; tissue - 1,EtOH,,,TRUE,,,1
EtOH - 1; photo - 3,EtOH,,,,TRUE,,1
EtOH - 10; C&S - 3,EtOH,C&S,,,,,1
EtOH - 10; C&S - 4,EtOH,C&S,,,,,1
EtOH - 107,EtOH,,,,,,1
EtOH - 108,EtOH,,,,,,1
EtOH - 109,EtOH,,,,,,1
EtOH - 111,EtOH,,,,,,1
EtOH - 112,EtOH,,,,,,1
EtOH - 114,EtOH,,,,,,1
EtOH - 118,EtOH,,,,,,1
EtOH - 120,EtOH,,,,,,1
EtOH - 125,EtOH,,,,,,1
EtOH - 13; C&S - 2,EtOH,C&S,,,,,1
EtOH - 131,EtOH,,,,,,1
EtOH - 132,EtOH,,,,,,1
EtOH - 134,EtOH,,,,,,1
EtOH - 136,EtOH,,,,,,1
EtOH - 137,EtOH,,,,,,1
EtOH - 138,EtOH,,,,,,1
EtOH - 139,EtOH,,,,,,1
EtOH - 14; C&S - 5,EtOH,C&S,,,,,1
EtOH - 148,EtOH,,,,,,1
EtOH - 158,EtOH,,,,,,1
EtOH - 161,EtOH,,,,,,1
EtOH - 165,EtOH,,,,,,1
EtOH - 168,EtOH,,,,,,1
EtOH - 176,EtOH,,,,,,1
EtOH - 18; C&S - 6,EtOH,C&S,,,,,1
EtOH - 183,EtOH,,,,,,1
EtOH - 187,EtOH,,,,,,1
EtOH - 19; C&S - 5,EtOH,C&S,,,,,1
EtOH - 194,EtOH,,,,,,1
EtOH - 2; C&S - 2,EtOH,C&S,,,,,1
EtOH - 2; C&S - 3,EtOH,C&S,,,,,1
EtOH - 2; photo - 2,EtOH,,,,TRUE,,1
EtOH - 2; tissue - 2,EtOH,,,TRUE,,,1
EtOH - 200,EtOH,,,,,,1
EtOH - 202,EtOH,,,,,,1
EtOH - 240,EtOH,,,,,,1
EtOH - 268,EtOH,,,,,,1
EtOH - 3; photo - 3,EtOH,,,,TRUE,,1
EtOH - 30; C&S - 3,EtOH,C&S,,,,,1
EtOH - 320,EtOH,,,,,,1
EtOH - 342,EtOH,,,,,,1
EtOH - 4; IsOH - 7,EtOH,IsOH,,,,,1
EtOH - 4; X-Ray - 1,EtOH,Xray,,,,,1
EtOH - 418,EtOH,,,,,,1
EtOH - 47; C&S - 4,EtOH,C&S,,,,,1
EtOH - 499,EtOH,,,,,,1
EtOH - 514,EtOH,,,,,,1
EtOH - 582,EtOH,,,,,,1
EtOH - 61,EtOH,,,,,,1
EtOH - 68,EtOH,,,,,,1
EtOH - 73,EtOH,,,,,,1
EtOH - 78,EtOH,,,,,,1
EtOH - 80,EtOH,,,,,,1
EtOH - 87,EtOH,,,,,,1
EtOH - 88,EtOH,,,,,,1
EtOH - 9; C&S - 6,EtOH,C&S,,,,,1
EtOH - 92,EtOH,,,,,,1
EtOH - 96,EtOH,,,,,,1
EtOH - 97,EtOH,,,,,,1
EtOH - 98,EtOH,,,,,,1
EtOH | Tissue: 389,EtOH,,,TRUE,,,1
EtOH | Tissue: 390,EtOH,,,TRUE,,,1
EtOH | Tissue: 401,EtOH,,,TRUE,,,1
EtOH | Tissue: 403,EtOH,,,TRUE,,,1
EtOH | Tissue: 404,EtOH,,,TRUE,,,1
EtOH | Tissue: 6229-6230,EtOH,,,TRUE,,,1
EtOH | Tissue: 6245-6246,EtOH,,,TRUE,,,1
EtOH | Tissue: 6269,EtOH,,,TRUE,,,1
EtOH | Tissue: 6271,EtOH,,,TRUE,,,1
EtOH | Tissue: 6291-6295,EtOH,,,TRUE,,,1
EtOH | Tissue: 6296-6297,EtOH,,,TRUE,,,1
EtOH | Tissue: 6298-6300,EtOH,,,TRUE,,,1
EtOH | Tissue: 6301-6306,EtOH,,,TRUE,,,1
EtOH | Tissue: 6387-6388,EtOH,,,TRUE,,,1
EtOH | Tissue: 6497-6501,EtOH,,,TRUE,,,1
EtOH | Tissue: 977,EtOH,,,TRUE,,,1
EtOH | Tissue: 980,EtOH,,,TRUE,,,1
EtOH | Tissue: 981,EtOH,,,TRUE,,,1
EtOH | Tissue: 988,EtOH,,,TRUE,,,1
EtOH | Tissue: 997,EtOH,,,TRUE,,,1
Fluid - 1; Fluid - 1,EtOH,,,,,,1
Fluid - 10; Tissue - 1,EtOH,,,TRUE,,,1
Fluid - 100,EtOH,,,,,,1
fluid - 101,EtOH,,,,,,1
Fluid - 102; Dry Skeleton - 1,EtOH,Skeleton,,,,,1
fluid - 103,EtOH,,,,,,1
fluid - 104,EtOH,,,,,,1
Fluid - 104,EtOH,,,,,,1
Fluid - 105,EtOH,,,,,,1
fluid - 106,EtOH,,,,,,1
fluid - 108,EtOH,,,,,,1
Fluid - 109,EtOH,,,,,,1
Fluid - 109; C&S Skeleton - 3,EtOH,C&S,,,,,1
Fluid - 11; C&S Skeleton - 2,EtOH,C&S,,,,,1
Fluid - 11; Dry Skeleton - 1,EtOH,Skeleton,,,,,1
fluid - 11; fluid - 1,EtOH,,,,,,1
Fluid - 11; Tissue - 1,EtOH,,,TRUE,,,1
Fluid - 11; Tissue - 1; Tissue - 1,EtOH,,,TRUE,,,1
Fluid - 110,EtOH,,,,,,1
fluid - 111,EtOH,,,,,,1
fluid - 113,EtOH,,,,,,1
fluid - 114,EtOH,,,,,,1
Fluid - 115,EtOH,,,,,,1
fluid - 116,EtOH,,,,,,1
Fluid - 117,EtOH,,,,,,1
Fluid - 119,EtOH,,,,,,1
Fluid - 12; C&S Skeleton - 1,EtOH,C&S,,,,,1
Fluid - 12; Dry Skeleton - 1,EtOH,Skeleton,,,,,1
Fluid - 120,EtOH,,,,,,1
fluid - 121,EtOH,,,,,,1
Fluid - 122,EtOH,,,,,,1
Fluid - 124,EtOH,,,,,,1
Fluid - 127,EtOH,,,,,,1
Fluid - 128,EtOH,,,,,,1
Fluid - 129,EtOH,,,,,,1
Fluid - 130,EtOH,,,,,,1
fluid - 133,EtOH,,,,,,1
Fluid - 133,EtOH,,,,,,1
fluid - 135,EtOH,,,,,,1
Fluid - 139,EtOH,,,,,,1
Fluid - 140,EtOH,,,,,,1
Fluid - 141,EtOH,,,,,,1
Fluid - 142,EtOH,,,,,,1
Fluid - 145,EtOH,,,,,,1
fluid - 146,EtOH,,,,,,1
Fluid - 146,EtOH,,,,,,1
fluid - 151,EtOH,,,,,,1
fluid - 152,EtOH,,,,,,1
Fluid - 153,EtOH,,,,,,1
fluid - 155,EtOH,,,,,,1
fluid - 158,EtOH,,,,,,1
Fluid - 16; Tissue - 1; Tissue - 1,EtOH,,,TRUE,,,1
Fluid - 161,EtOH,,,,,,1
fluid - 162,EtOH,,,,,,1
Fluid - 162,EtOH,,,,,,1
Fluid - 165,EtOH,,,,,,1
fluid - 166,EtOH,,,,,,1
fluid - 168,EtOH,,,,,,1
Fluid - 169,EtOH,,,,,,1
Fluid - 169; Dry Skeleton - 1; Dry Skeleton - 1,EtOH,Skeleton,,,,,1
Fluid - 17; Dry Skeleton - 1; Dry Skeleton - 1,EtOH,Skeleton,,,,,1
Fluid - 171,EtOH,,,,,,1
Fluid - 179,EtOH,,,,,,1
Fluid - 179; Tissue - 1; Tissue - 1,EtOH,,,TRUE,,,1
Fluid - 180,EtOH,,,,,,1
Fluid - 181,EtOH,,,,,,1
Fluid - 19; Tissue - 1; Tissue - 1,EtOH,,,TRUE,,,1
Fluid - 191,EtOH,,,,,,1
fluid - 193,EtOH,,,,,,1
Fluid - 198,EtOH,,,,,,1
fluid - 203,EtOH,,,,,,1
Fluid - 21; Tissue - 1; Tissue - 1,EtOH,,,TRUE,,,1
fluid - 216,EtOH,,,,,,1
Fluid - 22; Tissue - 1; Tissue - 1,EtOH,,,TRUE,,,1
Fluid - 220,EtOH,,,,,,1
fluid - 221,EtOH,,,,,,1
Fluid - 228,EtOH,,,,,,1
Fluid - 23; C&S Skeleton - 1; C&S Skeleton - 1; C&S Skeleton - 1,EtOH,C&S,,,,,1
Fluid - 23; Fluid - 1,EtOH,,,,,,1
Fluid - 238,EtOH,,,,,,1
fluid - 252,EtOH,,,,,,1
fluid - 260,EtOH,,,,,,1
Fluid - 27; C&S Skeleton - 2,EtOH,C&S,,,,,1
Fluid - 27; Tissue - 1; Tissue - 1; Tissue - 1; Tissue - 1; Tissue - 1,EtOH,,,TRUE,,,1
Fluid - 272,EtOH,,,,,,1
Fluid - 277,EtOH,,,,,,1
Fluid - 289,EtOH,,,,,,1
Fluid - 29; Tissue - 1,EtOH,,,TRUE,,,1
Fluid - 29; Tissue - 1; Tissue - 1; Tissue - 1,EtOH,,,TRUE,,,1
Fluid - 3; Tissue - 1; Tissue - 1; Tissue - 1,EtOH,,,TRUE,,,1
Fluid - 31; Dry Skeleton - 1; Dry Skeleton - 1,EtOH,Skeleton,,,,,1
fluid - 314,EtOH,,,,,,1
Fluid - 34; Tissue - 1,EtOH,,,TRUE,,,1
Fluid - 34; Tissue - 1; Tissue - 1; Tissue - 1,EtOH,,,TRUE,,,1
fluid - 348,EtOH,,,,,,1
Fluid - 368,EtOH,,,,,,1
Fluid - 371,EtOH,,,,,,1
Fluid - 42; C&S Skeleton - 2,EtOH,C&S,,,,,1
Fluid - 44; C&S Skeleton - 2,EtOH,C&S,,,,,1
Fluid - 5; Tissue - 1,EtOH,,,TRUE,,,1
Fluid - 5; Tissue - 1; Tissue - 1,EtOH,,,TRUE,,,1
fluid - 57,EtOH,,,,,,1
Fluid - 57; Fluid - 1,EtOH,,,,,,1
Fluid - 58,EtOH,,,,,,1
Fluid - 58; Dry Skeleton - 1,EtOH,Skeleton,,,,,1
Fluid - 6; C&S Skeleton - 2,EtOH,C&S,,,,,1
Fluid - 6; Tissue - 1,EtOH,,,TRUE,,,1
Fluid - 66,EtOH,,,,,,1
Fluid - 7; C&S Skeleton - 1,EtOH,C&S,,,,,1
Fluid - 7; Tissue - 1,EtOH,,,TRUE,,,1
Fluid - 7; Tissue - 1; Tissue - 1; Tissue - 1,EtOH,,,TRUE,,,1
Fluid - 70,EtOH,,,,,,1
fluid - 75,EtOH,,,,,,1
Fluid - 78; Fluid - 30,EtOH,,,,,,1
Fluid - 8; C&S Skeleton - 2,EtOH,C&S,,,,,1
Fluid - 8; Tissue - 3,EtOH,,,TRUE,,,1
Fluid - 80,EtOH,,,,,,1
Fluid - 81,EtOH,,,,,,1
Fluid - 82,EtOH,,,,,,1
fluid - 84,EtOH,,,,,,1
fluid - 86,EtOH,,,,,,1
Fluid - 86,EtOH,,,,,,1
Fluid - 9; Tissue - 1,EtOH,,,TRUE,,,1
Fluid - 90,EtOH,,,,,,1
fluid - 92,EtOH,,,,,,1
fluid - 94,EtOH,,,,,,1
Fluid - 94,EtOH,,,,,,1
fluid - 96,EtOH,,,,,,1
Fluid - 96,EtOH,,,,,,1
fluid - 97,EtOH,,,,,,1
fluid - 99,EtOH,,,,,,1
frozen (spec) - 2; 70% EtOH - 12,EtOH,,,,,,1
frozen (spec) - 2; 70% EtOH - 6,EtOH,,,,,,1
frozen (tiss) - 2; 70% EtOH - 2,EtOH,,,TRUE,,,1
IsOH - 1; EtOH - 1,EtOH,IsOH,,,,,1
IsOH - 1; EtOH - 7,EtOH,IsOH,,,,,1
IsOH - 1; skeleton - 1,IsOH,Skeleton,,,,,1
IsOH - 115,IsOH,,,,,,1
IsOH - 2; C&S - 3,IsOH,C&S,,,,,1
IsOH - 203,IsOH,,,,,,1
IsOH - 213,IsOH,,,,,,1
IsOH - 222,IsOH,,,,,,1
IsOH - 28,IsOH,,,,,,1
IsOH - 30,IsOH,,,,,,1
IsOH - 32,IsOH,,,,,,1
IsOH - 36,IsOH,,,,,,1
IsOH - 38,IsOH,,,,,,1
IsOH - 39,IsOH,,,,,,1
IsOH - 40,IsOH,,,,,,1
IsOH - 41,IsOH,,,,,,1
IsOH - 42,IsOH,,,,,,1
IsOH - 46,IsOH,,,,,,1
IsOH - 47,IsOH,,,,,,1
IsOH - 50,IsOH,,,,,,1
IsOH - 51; IsOH - 121; IsOH - 138,IsOH,,,,,,1
IsOH - 52,IsOH,,,,,,1
IsOH - 54,IsOH,,,,,,1
IsOH - 58,IsOH,,,,,,1
IsOH - 73,IsOH,,,,,,1
IsOH - 84,IsOH,,,,,,1
IsOH - 85,IsOH,,,,,,1
IsOH - 86,IsOH,,,,,,1
IsOH - 91,IsOH,,,,,,1
IsOH - 92,IsOH,,,,,,1
IsOH - 94,IsOH,,,,,,1
isopropanol - 10,IsOH,,,,,,1
isopropanol - 11,IsOH,,,,,,1
isopropanol - 12,IsOH,,,,,,1
isopropanol - 14; tissue - 1; Tissue,IsOH,,,TRUE,,,1
isopropanol - 18,IsOH,,,,,,1
isopropanol - 2; photograph - 3,IsOH,,,,TRUE,,1
isopropanol - 2; tissue - 1; Tissue,IsOH,,,TRUE,,,1
isopropanol - 2; tissue - 1; tissue - 1; Tissue,IsOH,,,TRUE,,,1
isopropanol - 22,IsOH,,,,,,1
isopropanol - 233,IsOH,,,,,,1
isopropanol - 3; photograph - 1,IsOH,,,,TRUE,,1
isopropanol - 4; tissue - 4; Tissue,IsOH,,,TRUE,,,1
isopropanol - 6; Tissue,IsOH,,,TRUE,,,1
isopropanol - 6; tissue - 1; Tissue,IsOH,,,TRUE,,,1
isopropanol - 78,IsOH,,,,,,1
isopropanol - 87,IsOH,,,,,,1
isopropanol - 9,IsOH,,,,,,1
jar; churn,EtOH,,,,,,1
microslide,Slide,,,,,,1
mounted whole animal (dry),Mount,,,,,,1
originally: 10 % formalin,EtOH,,,,,,1
originally: 10 % formalin; preservation: ETOH,EtOH,,,,,,1
"originally: 10% formalin, frozen",Frozen,,,,,,1
originally: 40-50% Ethyl,EtOH < 50%,,,,,,1
originally: 5% formalin,EtOH,,,,,,1
originally: 70% EtOH,EtOH,,,,,,1
originally: 70% ETOH,EtOH,,,,,,1
originally: 95% ethanol; preservation: 95% ethanol,EtOH > 90%,,,,,,1
originally: formalin,EtOH,,,,,,1
originally: Formalin,EtOH,,,,,,1
originally: formalin and freeze,Frozen,,,,,,1
originally: formalin; preservation: ETOH,EtOH,,,,,,1
originally: Freeze & Formalin,Frozen,,,,,,1
originally: freeze & formalin; preservation: formalin,Frozen,,,,,,1
originally: freeze and formalin,Frozen,,,,,,1
originally: Frozen & formalin,Frozen,,,,,,1
originally: Frozen and Formalin,Frozen,,,,,,1
otolith (dry),Otolith,,,,,,1
photo - 1,,,,,TRUE,,1
photo - 1; EtOH - 5,EtOH,,,,TRUE,,1
photo - 1; tissue - 1; tissue - 1; EtOH - 2more than 4 prep types,EtOH,,,TRUE,TRUE,,1
photo - 2; EtOH - 2,EtOH,,,,TRUE,,1
Skel - 2,Skeleton,,,,,,1
skeleton - 6,Skeleton,,,,,,1
skeleton - 8,Skeleton,,,,,,1
Skeleton partial; &,Skeleton,,,,,,1
"skeleton, disarticulated",Skeleton,,,,,,1
Skeleton; complete,Skeleton,,,,,,1
Skeleton; complete; juvenile,Skeleton,,,,,,1
Skin,Mount,,,,,,1
"skin, mounted",Mount,,,,,,1
tissue - 1; EtOH - 15,EtOH,,,,,,1
tissue - 1; EtOH - 2,EtOH,,,,,,1
tissue - 1; EtOH - 3,EtOH,,,,,,1
Tissue - 1; Fluid - 1,EtOH,,,TRUE,,,1
Tissue - 1; Fluid - 20,EtOH,,,TRUE,,,1
tissue - 1; photo - 2; EtOH - 8,EtOH,,,TRUE,TRUE,,1
tissue - 1; Tissue,,,,TRUE,,,1
tissue - 1; tissue - 1; EtOH - 11,EtOH,,,TRUE,,,1
tissue - 1; tissue - 1; EtOH - 13,EtOH,,,TRUE,,,1
tissue - 1; tissue - 1; EtOH - 19,EtOH,,,TRUE,,,1
tissue - 1; tissue - 1; EtOH - 20,EtOH,,,TRUE,,,1
tissue - 1; tissue - 1; EtOH - 39,EtOH,,,TRUE,,,1
tissue - 1; tissue - 1; EtOH - 6,EtOH,,,TRUE,,,1
tissue - 1; tissue - 1; photo - 1; EtOH - 2more than 4 prep types,EtOH,,,TRUE,TRUE,,1
tissue - 1; tissue - 1; tissue - 1; EtOH - 7more than 4 prep types,EtOH,,,TRUE,,,1
tissue - 1; tissue - 1; tissue - 2; EtOH - 21more than 4 prep types,EtOH,,,TRUE,,,1
tissue - 1; tissue - 1; tissue - 2; EtOH - 27more than 4 prep types,EtOH,,,TRUE,,,1
tissue - 1; tissue - 1; tissue - 2; EtOH - 28more than 4 prep types,EtOH,,,TRUE,,,1
tissue - 1; tissue - 1; tissue - 2; EtOH - 31more than 4 prep types,EtOH,,,TRUE,,,1
tissue - 1; tissue - 1; tissue no UF voucher - 1; EtOH - 2more than 4 prep types,EtOH,,,TRUE,,,1
tissue - 1; tissue - 2; EtOH - 2,EtOH,,,TRUE,,,1
tissue - 2; EtOH - 4,EtOH,,,TRUE,,,1
tissue - 2; EtOH - 6,EtOH,,,TRUE,,,1
tissue - 2; EtOH - 7,EtOH,,,TRUE,,,1
tissue (95% ethanol); whole organism (ethanol),EtOH,,,TRUE,,,1
tissue (alcohol); whole animal (70% ethanol),EtOH,,,TRUE,,,1
tissue no UF voucher - 1,,,,TRUE,,,1
tissue no UF voucher - 1; tissue - 1; tissue - 1; tissue no UF voucher - 1more than 4 prep types,EtOH,,,TRUE,,,1
tissue no UF voucher - 1; tissue no UF voucher - 1,,,,TRUE,,,1
tissue no UF voucher - 1; tissue no UF voucher - 1; tissue - 1; EtOH - 2more than 4 prep types,EtOH,,,TRUE,,,1
whole animal (70% ethanol); whole animal (alcohol),EtOH,,,,,,1
whole animal (alcohol); dissected whole animal (70% ethanol),EtOH,,,,,,1
whole organism (ethanol); tissue (95% ethanol),EtOH,,,TRUE,,,1
whole organism (isopropanol); tissue (95% ethanol),IsOH,,,TRUE,,,1
X-Ray - 1; EtOH - 2,EtOH,XRay,,,,,1
X-Ray - 1; EtOH - 22; C&S - 2,EtOH,,C&S,,,,1
X-Ray - 1; EtOH - 71,EtOH,XRay,,,,,1
X-Ray - 1; EtOH - 94,EtOH,XRay,,,,,1
